account_id,observation_date,is_churn,current_plan,current_mrr,upgrade_last_90d,downsell_last_90d,xgb_churn_probability,risk_rank,monthly_revenue_at_risk,retention_priority,expected_monthly_revenue_at_risk
3709,2020-04-11,0,premium,35.0,0,0,0.45400065,4.0,15.890022814273834,High Priority,15.89002275
1967,2020-04-13,0,plus,19.0,0,0,0.49116027,1.0,9.332045197486876,High Priority,9.332045130000001
1379,2020-05-02,0,premium,33.25,0,0,0.24889064,22.0,8.275613725185394,High Priority,8.27561378
2919,2020-04-23,0,premium,35.0,0,0,0.23024803,33.0,8.058681190013885,High Priority,8.05868105
10836,2020-04-15,0,plus,20.0,0,0,0.37716615,6.0,7.543323040008545,High Priority,7.543322999999999
7009,2020-04-24,0,premium,35.0,0,0,0.21451756,39.0,7.508114725351334,High Priority,7.5081146
2566,2020-04-17,0,plus,19.0,0,0,0.35745353,10.0,6.791616976261139,High Priority,6.79161707
10427,2020-04-11,0,plus,20.0,0,0,0.24006455,25.0,4.801290929317474,High Priority,4.801291
11348,2020-04-27,0,basic,10.0,0,0,0.47681856,2.0,4.768185615539551,High Priority,4.7681856
6778,2020-04-18,0,plus,19.0,0,0,0.24270447,24.0,4.611384853720665,High Priority,4.61138493
12030,2020-05-01,1,basic,10.0,0,0,0.46080026,3.0,4.608002603054047,High Priority,4.6080026
2286,2020-04-12,0,plus,19.0,0,0,0.23052053,32.0,4.379890099167824,High Priority,4.37989007
29,2020-04-21,0,premium,35.0,0,0,0.12133784,128.0,4.246824346482754,High Priority,4.2468244
8098,2020-04-11,0,plus,18.0,0,0,0.23586018,28.0,4.245483309030533,High Priority,4.24548324
3439,2020-05-06,0,premium,35.0,0,0,0.12034673,132.0,4.212135635316372,High Priority,4.21213555
8797,2020-04-19,1,plus,18.0,0,0,0.23277046,30.0,4.189868241548538,High Priority,4.189868280000001
7509,2020-04-22,0,premium,35.0,0,0,0.11801619,136.0,4.13056667894125,High Priority,4.1305666500000005
3126,2020-04-13,0,plus,20.0,0,0,0.20497158,42.0,4.09943163394928,High Priority,4.0994316
3836,2020-04-13,0,plus,20.0,0,0,0.19650342,45.0,3.93006831407547,High Priority,3.9300684
9919,2020-04-16,0,premium,35.0,0,0,0.11182175,146.0,3.91376119107008,High Priority,3.91376125
10809,2020-05-05,0,premium,35.0,0,0,0.1064995,156.0,3.72748252004385,High Priority,3.7274825
11059,2020-05-04,0,plus,20.0,0,0,0.18392837,54.0,3.678567409515381,High Priority,3.6785674000000004
1635,2020-05-05,0,basic,10.0,0,0,0.36009756,8.0,3.6009755730628967,High Priority,3.6009756
12925,2020-04-26,1,basic,10.0,0,0,0.35842252,9.0,3.5842251777648926,High Priority,3.5842252
9874,2020-04-12,0,basic,9.5,0,0,0.37674245,7.0,3.579053297638893,High Priority,3.579053275
7229,2020-05-08,0,premium,35.0,0,0,0.10206041,176.0,3.572114259004593,High Priority,3.57211435
2628,2020-05-04,0,plus,20.0,0,0,0.17652,60.0,3.5304000973701477,High Priority,3.5304
995,2020-05-01,0,basic,9.0,0,0,0.39091867,5.0,3.518268048763275,High Priority,3.51826803
9629,2020-04-30,0,premium,35.0,0,0,0.0987821,186.0,3.4573734924197197,High Priority,3.4573735
10146,2020-04-26,0,plus,20.0,0,0,0.17243066,64.0,3.4486132860183716,High Priority,3.4486132000000005
689,2020-04-21,0,premium,33.25,0,0,0.10304708,172.0,3.4263154212385416,High Priority,3.42631541
9777,2020-04-20,0,plus,19.0,0,0,0.17681232,59.0,3.359434098005295,High Priority,3.3594340799999998
10516,2020-05-09,0,plus,20.0,0,0,0.16560993,70.0,3.312198519706726,High Priority,3.3121986
8675,2020-04-23,0,basic,9.5,0,0,0.3464389,11.0,3.291169688105583,High Priority,3.2911695499999998
2529,2020-05-05,0,premium,35.0,0,0,0.0927516,216.0,3.246305994689465,High Priority,3.246306
12638,2020-05-04,0,basic,10.0,0,0,0.3233872,12.0,3.2338720560073853,High Priority,3.233872
2968,2020-04-14,0,plus,19.0,0,0,0.1656355,69.0,3.147074431180954,High Priority,3.1470745
4326,2020-04-11,0,plus,20.0,0,0,0.15471545,81.0,3.0943089723587036,High Priority,3.094309
7357,2020-04-30,0,plus,20.0,0,0,0.15260631,83.0,3.052126169204712,High Priority,3.0521262
2579,2020-04-21,0,premium,33.25,0,0,0.09075783,225.0,3.017697911709547,High Priority,3.0176978475
10978,2020-04-29,0,plus,19.0,0,0,0.15722342,75.0,2.987244948744774,High Priority,2.98724498
4236,2020-05-06,0,plus,20.0,0,0,0.14826375,86.0,2.9652750492095947,High Priority,2.965275
9389,2020-05-02,0,premium,33.25,0,0,0.08736369,246.0,2.90484269708395,High Priority,2.9048426925
9248,2020-05-02,0,plus,20.0,0,0,0.1440738,87.0,2.8814759850502014,High Priority,2.881476
4309,2020-05-09,0,premium,35.0,0,0,0.08135396,290.0,2.8473886847496033,High Priority,2.8473886
2138,2020-04-26,0,plus,20.0,0,0,0.14168964,91.0,2.8337928652763367,High Priority,2.8337928000000003
1174,2020-04-19,0,basic,9.5,0,0,0.29112703,14.0,2.7657067477703094,High Priority,2.765706785
11871,2020-05-05,0,basic,9.5,0,0,0.2894519,15.0,2.7497930228710175,High Priority,2.74979305
7507,2020-04-26,0,plus,20.0,0,0,0.13699616,99.0,2.7399232983589172,High Priority,2.7399232000000002
10419,2020-05-08,0,premium,35.0,0,0,0.078078195,320.0,2.7327368408441544,High Priority,2.732736825
4958,2020-04-26,0,plus,20.0,0,0,0.13643877,100.0,2.728775441646576,High Priority,2.7287754
5589,2020-04-12,0,premium,33.25,0,0,0.08121003,292.0,2.700233567506075,High Priority,2.7002334975
349,2020-04-18,0,premium,35.0,0,0,0.077046156,329.0,2.69661545753479,High Priority,2.6966154600000003
4918,2020-05-07,0,plus,20.0,0,0,0.13473041,103.0,2.6946082711219788,High Priority,2.6946082
11782,2020-05-09,0,basic,9.5,0,0,0.28006032,17.0,2.660573050379753,High Priority,2.6605730399999996
13289,2020-05-02,1,plus,19.0,0,0,0.13939966,96.0,2.6485935896635056,High Priority,2.6485935400000002
1976,2020-05-05,0,plus,19.0,0,0,0.13872562,97.0,2.635786846280098,High Priority,2.63578678
10093,2020-04-18,1,basic,9.0,0,0,0.29128447,13.0,2.6215602457523346,High Priority,2.62156023
11359,2020-04-21,1,plus,20.0,0,0,0.13058281,109.0,2.611656188964844,High Priority,2.6116561999999997
8429,2020-04-19,0,premium,35.0,0,0,0.074581854,345.0,2.610364891588688,High Priority,2.61036489
841,2020-04-12,1,basic,10.0,0,0,0.26071742,18.0,2.6071742177009583,High Priority,2.6071741999999998
2847,2020-04-23,0,plus,20.0,0,0,0.13009667,110.0,2.601933479309082,High Priority,2.6019334
10429,2020-04-27,0,premium,35.0,0,0,0.0741174,351.0,2.5941089913249016,High Priority,2.594109
6213,2020-04-18,0,basic,10.0,0,0,0.25890243,20.0,2.589024305343628,High Priority,2.5890243
8294,2020-05-06,0,basic,9.0,0,0,0.28603464,16.0,2.5743117928504944,High Priority,2.57431176
5927,2020-04-18,0,plus,20.0,0,0,0.12862039,113.0,2.5724077224731445,High Priority,2.5724078
5499,2020-05-09,0,premium,31.5,0,0,0.07881275,317.0,2.4826015681028366,High Priority,2.482601625
4684,2020-04-30,0,basic,9.5,0,0,0.2594425,19.0,2.4647038280963898,High Priority,2.46470375
10573,2020-04-11,1,basic,9.5,0,0,0.25886706,21.0,2.4592370241880417,High Priority,2.45923707
1969,2020-04-25,0,premium,33.25,0,0,0.07374684,353.0,2.4520823527127504,High Priority,2.45208243
4976,2020-04-24,0,premium,33.25,1,0,0.07368597,354.0,2.4500583838671446,High Priority,2.4500585025
10117,2020-05-09,0,plus,20.0,0,0,0.121365264,127.0,2.427305281162262,High Priority,2.42730528
4305,2020-04-14,1,basic,10.0,0,0,0.23961033,26.0,2.3961032927036285,High Priority,2.3961033
12029,2020-04-30,0,plus,20.0,0,0,0.1196757,133.0,2.3935140669345856,High Priority,2.3935139999999997
6989,2020-04-15,0,premium,33.25,0,0,0.07170945,375.0,2.3843390997499228,High Priority,2.3843392124999996
2767,2020-05-10,0,plus,19.0,0,0,0.12536874,120.0,2.382006138563156,High Priority,2.38200606
12032,2020-04-13,1,basic,10.0,0,0,0.2351873,29.0,2.351873070001602,High Priority,2.351873
5109,2020-05-04,0,premium,35.0,0,0,0.06719264,420.0,2.351742275059223,High Priority,2.3517424
4572,2020-04-25,0,basic,9.5,0,0,0.24644345,23.0,2.3412127792835236,High Priority,2.3412127750000002
5530,2020-04-12,1,basic,10.0,0,0,0.23226404,31.0,2.3226404190063477,High Priority,2.3226404
3768,2020-05-01,0,plus,19.0,0,0,0.12085458,130.0,2.296236999332905,High Priority,2.29623702
3448,2020-05-03,0,plus,20.0,0,0,0.11280312,145.0,2.25606232881546,High Priority,2.2560624000000002
13084,2020-04-30,0,basic,9.5,0,0,0.23712113,27.0,2.2526507824659348,High Priority,2.252650735
4529,2020-05-06,0,premium,35.0,0,0,0.06423549,449.0,2.248242273926735,High Priority,2.2482421500000003
3468,2020-04-25,0,plus,19.0,0,0,0.117409445,137.0,2.2307794615626335,High Priority,2.230779455
597,2020-05-09,0,plus,18.0,0,0,0.12291473,125.0,2.2124651670455933,High Priority,2.21246514
3349,2020-04-16,0,premium,35.0,0,0,0.0629892,464.0,2.2046219184994698,High Priority,2.2046219999999996
3189,2020-04-25,0,premium,33.25,0,0,0.066078745,434.0,2.197118265554309,High Priority,2.19711827125
10249,2020-04-19,0,plus,20.0,0,1,0.10978031,151.0,2.195606231689453,High Priority,2.1956062000000003
5698,2020-04-29,1,plus,18.0,0,0,0.120366596,131.0,2.1665987223386765,High Priority,2.1665987280000003
2129,2020-05-06,0,premium,35.0,0,0,0.061565313,485.0,2.1547859720885754,High Priority,2.154785955
1149,2020-04-23,0,premium,35.0,0,0,0.061358944,488.0,2.147563025355339,High Priority,2.14756304
7406,2020-04-23,0,plus,20.0,0,0,0.106744915,155.0,2.13489830493927,High Priority,2.1348982999999997
4375,2020-05-07,0,basic,9.5,0,0,0.22319537,34.0,2.120356053113938,High Priority,2.120356015
10818,2020-05-05,0,plus,20.0,0,0,0.10482855,164.0,2.0965710282325745,High Priority,2.096571
13288,2020-05-01,1,basic,9.5,0,0,0.22018676,35.0,2.091774173080921,High Priority,2.09177422
10120,2020-04-24,0,basic,10.0,0,0,0.20776841,40.0,2.0776841044425964,High Priority,2.0776841
12576,2020-05-01,0,basic,9.5,0,0,0.2183312,37.0,2.0741464272141457,High Priority,2.0741464
10108,2020-04-29,0,plus,20.0,0,0,0.103577405,168.0,2.071548104286194,High Priority,2.0715481
7055,2020-04-22,0,basic,10.0,0,0,0.20607679,41.0,2.0607678592205048,High Priority,2.0607679
11973,2020-04-24,1,basic,9.5,0,0,0.21635978,38.0,2.0554179027676582,High Priority,2.05541791
8926,2020-04-28,0,plus,20.0,0,0,0.101842456,178.0,2.0368491113185883,High Priority,2.03684912
9859,2020-04-13,0,premium,35.0,0,0,0.05769462,543.0,2.019311748445034,High Priority,2.0193117000000003
8304,2020-04-22,1,basic,10.0,0,0,0.2018953,43.0,2.018952965736389,High Priority,2.0189529999999998
5559,2020-05-03,0,premium,35.0,0,0,0.057532936,545.0,2.0136527717113495,High Priority,2.01365276
3997,2020-04-26,0,plus,18.0,0,0,0.11133748,147.0,2.0040746927261353,High Priority,2.0040746400000002
10849,2020-05-05,0,premium,35.0,0,0,0.0565683,559.0,1.9798904471099377,High Priority,1.9798905
691,2020-05-05,0,basic,9.0,0,0,0.21885031,36.0,1.9696528315544128,High Priority,1.96965279
6866,2020-05-01,0,plus,19.0,0,0,0.103485264,170.0,1.9662200137972832,High Priority,1.9662200159999998
8478,2020-05-06,0,plus,19.0,0,0,0.10309101,171.0,1.9587291702628136,High Priority,1.95872919
712,2020-04-18,0,basic,10.0,0,0,0.19581039,46.0,1.9581039249897003,High Priority,1.9581039
6926,2020-05-06,0,plus,20.0,0,0,0.09777133,189.0,1.9554266333580017,High Priority,1.9554266
10929,2020-04-30,0,premium,35.0,0,0,0.05583523,573.0,1.95423299446702,High Priority,1.95423305
8157,2020-04-27,0,plus,20.0,0,0,0.09758127,190.0,1.9516253471374512,High Priority,1.9516254
8414,2020-04-16,0,basic,10.0,0,0,0.1943783,47.0,1.943783015012741,High Priority,1.943783
966,2020-05-01,0,plus,19.0,0,0,0.10226038,175.0,1.9429472386837008,High Priority,1.94294722
5814,2020-05-03,1,basic,10.0,0,0,0.19419008,48.0,1.9419008493423464,High Priority,1.9419008
9009,2020-04-28,0,premium,35.0,0,0,0.05547234,581.0,1.941531915217638,High Priority,1.9415319
11250,2020-05-04,0,basic,10.0,0,0,0.19408236,49.0,1.940823644399643,High Priority,1.9408236
10817,2020-04-12,0,plus,20.0,0,0,0.09689333,195.0,1.937866657972336,High Priority,1.9378666
9526,2020-05-03,0,plus,20.0,0,0,0.09616996,197.0,1.923399269580841,High Priority,1.9233992
9717,2020-04-16,0,plus,20.0,0,0,0.0960532,199.0,1.9210639595985413,High Priority,1.921064
9646,2020-04-18,0,plus,20.0,0,0,0.095189504,203.0,1.9037900865077972,High Priority,1.9037900799999998
3307,2020-04-28,0,plus,20.0,0,0,0.095065445,206.0,1.9013088941574097,High Priority,1.9013089
11844,2020-05-08,0,basic,10.0,0,0,0.18985923,50.0,1.8985922634601593,High Priority,1.8985922999999998
4036,2020-05-07,0,plus,20.0,0,0,0.09452687,208.0,1.890537440776825,High Priority,1.8905374
7799,2020-05-02,0,premium,31.5,0,0,0.059905667,506.0,1.887028506025672,High Priority,1.8870285105
6259,2020-04-14,0,premium,35.0,0,0,0.053829834,618.0,1.8840441852808,High Priority,1.88404419
8979,2020-04-13,0,premium,33.25,0,0,0.056606904,558.0,1.8821795471012592,High Priority,1.882179558
843,2020-04-26,0,basic,10.0,0,0,0.18695465,51.0,1.8695464730262756,High Priority,1.8695465
9766,2020-05-05,0,plus,19.0,0,0,0.09708816,192.0,1.8446750044822693,High Priority,1.84467504
4376,2020-04-23,0,plus,19.0,0,0,0.09695602,194.0,1.8421644195914268,High Priority,1.84216438
8529,2020-04-20,0,premium,35.0,0,0,0.05225711,643.0,1.828998830169439,High Priority,1.82899885
5911,2020-04-30,0,basic,10.0,0,0,0.18232831,55.0,1.8232831358909607,High Priority,1.8232830999999998
9989,2020-04-25,1,premium,33.25,0,0,0.05479021,599.0,1.821774481795728,High Priority,1.8217744825
12096,2020-04-29,0,basic,9.0,0,0,0.20164527,44.0,1.814807429909706,High Priority,1.8148074299999999
9757,2020-04-19,0,plus,20.0,0,0,0.09059011,227.0,1.811802238225937,High Priority,1.8118022
11800,2020-04-15,1,basic,10.0,0,0,0.18017332,56.0,1.8017332255840304,High Priority,1.8017332
10916,2020-04-27,0,plus,20.0,0,0,0.089315906,238.0,1.7863181233406067,High Priority,1.78631812
10039,2020-04-12,0,premium,35.0,0,0,0.050930273,674.0,1.782559547573328,High Priority,1.782559555
8433,2020-04-14,1,basic,10.0,0,0,0.17741211,58.0,1.7741210758686066,High Priority,1.7741211000000001
8629,2020-04-30,0,premium,35.0,0,0,0.050519384,689.0,1.7681784555315971,High Priority,1.76817844
3578,2020-04-21,0,plus,19.0,0,0,0.09288446,213.0,1.7648047134280205,High Priority,1.76480474
6876,2020-04-15,0,plus,19.0,0,0,0.0927699,215.0,1.7626280710101128,High Priority,1.7626281000000001
12283,2020-04-30,1,basic,9.5,0,0,0.18528534,52.0,1.7602107748389244,High Priority,1.7602107299999998
10399,2020-05-02,0,premium,31.5,0,0,0.055581093,580.0,1.750804424285889,High Priority,1.7508044295
8316,2020-04-25,0,plus,20.0,0,0,0.08739677,245.0,1.74793541431427,High Priority,1.7479354
12286,2020-05-09,0,basic,9.5,0,0,0.1839407,53.0,1.7474365904927254,High Priority,1.74743665
2629,2020-05-05,0,premium,35.0,0,0,0.04990474,706.0,1.7466659471392632,High Priority,1.7466659
9497,2020-04-23,0,plus,18.0,0,0,0.09699733,193.0,1.7459519058465958,High Priority,1.74595194
2949,2020-04-20,0,premium,35.0,0,0,0.04953508,719.0,1.73372782766819,High Priority,1.7337278
8526,2020-04-28,0,plus,20.0,0,0,0.086463034,250.0,1.7292606830596924,High Priority,1.7292606799999999
2341,2020-04-22,0,basic,10.0,0,0,0.17238589,65.0,1.723858863115311,High Priority,1.7238589000000002
1226,2020-05-01,0,plus,20.0,0,0,0.08612721,253.0,1.7225441336631775,High Priority,1.7225442
3069,2020-04-19,0,premium,33.25,0,0,0.0515461,662.0,1.7139078425243497,High Priority,1.713907825
4086,2020-04-21,0,plus,19.0,0,0,0.08972708,233.0,1.7048145458102226,High Priority,1.70481452
12052,2020-04-24,0,basic,10.0,0,0,0.16985221,66.0,1.6985221207141876,High Priority,1.6985221
11967,2020-04-22,0,basic,9.5,0,0,0.17843993,57.0,1.6951793357729912,High Priority,1.695179335
2479,2020-04-28,0,premium,33.25,0,0,0.050846763,676.0,1.690654868260026,High Priority,1.6906548697500001
2908,2020-04-28,0,plus,20.0,0,0,0.08426054,265.0,1.6852107644081116,High Priority,1.6852108
8178,2020-04-30,0,plus,19.0,0,0,0.08830985,242.0,1.6778870895504951,High Priority,1.6778871499999999
6420,2020-05-08,0,basic,10.0,0,0,0.16775942,67.0,1.6775941848754885,High Priority,1.6775942
8949,2020-04-25,0,premium,35.0,0,0,0.047857706,760.0,1.6750196926295755,High Priority,1.67501971
7900,2020-04-19,0,basic,10.0,0,0,0.16624218,68.0,1.6624218225479126,High Priority,1.6624218
4176,2020-04-23,0,plus,19.0,0,0,0.08643891,251.0,1.6423392742872238,High Priority,1.6423392899999998
3817,2020-05-10,0,plus,20.0,0,0,0.08203121,279.0,1.6406242549419403,High Priority,1.6406242
2546,2020-04-18,0,plus,20.0,0,0,0.08200527,280.0,1.6401053965091703,High Priority,1.6401054000000002
2758,2020-04-11,0,premium,35.0,1,0,0.04677457,777.0,1.6371099464595318,High Priority,1.6371099500000001
11179,2020-05-08,0,plus,19.0,0,0,0.08613813,252.0,1.636624455451965,High Priority,1.6366244699999999
9447,2020-05-09,0,plus,20.0,0,0,0.081522234,288.0,1.6304446756839752,High Priority,1.63044468
10349,2020-04-21,0,plus,20.0,0,1,0.08127816,291.0,1.6255632042884829,High Priority,1.6255632
10336,2020-05-10,0,plus,20.0,0,0,0.08119328,293.0,1.6238656640052795,High Priority,1.6238656000000002
5129,2020-04-11,0,premium,35.0,0,0,0.046224814,791.0,1.6178684867918491,High Priority,1.6178684900000002
786,2020-05-10,0,plus,19.0,0,0,0.08498827,260.0,1.6147771999239922,High Priority,1.61477713
1917,2020-04-17,0,plus,20.0,0,0,0.08073191,297.0,1.614638268947601,High Priority,1.6146382000000001
9428,2020-04-19,0,plus,20.0,0,0,0.08065337,298.0,1.613067388534546,High Priority,1.6130674
5116,2020-04-12,0,plus,20.0,0,0,0.08039866,301.0,1.6079731285572052,High Priority,1.6079732
8509,2020-04-11,0,premium,35.0,0,0,0.04591095,800.0,1.606883276253939,High Priority,1.6068832499999999
1497,2020-05-04,0,plus,18.0,0,0,0.08858463,241.0,1.5945233702659607,High Priority,1.5945233399999998
6709,2020-05-06,0,premium,35.0,0,0,0.045126352,829.0,1.5794223360717297,High Priority,1.5794223200000002
2193,2020-04-28,0,basic,9.0,0,0,0.17518929,61.0,1.5767035782337189,High Priority,1.57670361
5168,2020-05-08,0,plus,19.0,0,0,0.082865484,273.0,1.5744441971182823,High Priority,1.574444196
2331,2020-05-08,0,basic,10.0,0,0,0.15724143,74.0,1.5724143385887146,High Priority,1.5724143
2003,2020-04-27,0,basic,10.0,0,0,0.15628304,77.0,1.5628303587436676,High Priority,1.5628304000000002
1758,2020-04-11,0,plus,20.0,0,0,0.07800639,322.0,1.5601277351379397,High Priority,1.5601277999999998
1724,2020-04-18,0,basic,10.0,0,0,0.15581714,78.0,1.5581713616847992,High Priority,1.5581714
9292,2020-04-24,0,basic,9.0,0,0,0.17310736,62.0,1.5579662024974823,High Priority,1.5579662399999998
2090,2020-04-17,0,basic,9.0,0,0,0.17307419,63.0,1.5576676726341248,High Priority,1.5576677099999998
11009,2020-04-11,1,plus,20.0,0,0,0.07786797,323.0,1.5573593974113464,High Priority,1.5573594
6716,2020-04-25,0,plus,20.0,0,0,0.07747639,326.0,1.549527794122696,High Priority,1.5495278000000001
7125,2020-05-01,0,basic,10.0,0,0,0.15486304,80.0,1.5486304461956024,High Priority,1.5486304
8796,2020-04-14,0,plus,18.0,0,0,0.085608505,256.0,1.5409530848264694,High Priority,1.54095309
4416,2020-04-23,0,plus,20.0,0,0,0.077013105,330.0,1.5402621030807495,High Priority,1.5402621
10664,2020-04-25,0,basic,9.5,0,0,0.16199662,71.0,1.5389678701758385,High Priority,1.5389678900000001
519,2020-05-09,0,premium,35.0,0,0,0.043848816,864.0,1.534708570688963,High Priority,1.5347085599999999
12484,2020-04-28,0,basic,9.5,0,0,0.16091406,72.0,1.528683602809906,High Priority,1.5286835699999999
4742,2020-04-29,0,basic,10.0,0,0,0.15216081,84.0,1.521608084440231,High Priority,1.5216081000000001
7129,2020-04-20,0,premium,35.0,0,0,0.043125752,899.0,1.5094013325870037,High Priority,1.50940132
9156,2020-04-15,0,plus,20.0,0,0,0.07530431,339.0,1.506086140871048,High Priority,1.5060862
8967,2020-04-27,0,plus,19.0,0,0,0.07905622,314.0,1.5020681470632553,High Priority,1.50206818
6959,2020-04-15,0,premium,35.0,0,0,0.042878594,915.0,1.5007507987320423,High Priority,1.50075079
6253,2020-04-29,0,plus,20.0,1,0,0.07499863,342.0,1.499972641468048,High Priority,1.4999726
2846,2020-05-04,0,plus,20.0,0,0,0.07481837,343.0,1.4963674545288086,High Priority,1.4963674
6597,2020-04-17,0,plus,18.0,0,0,0.08307918,271.0,1.4954252690076828,High Priority,1.49542524
9399,2020-04-24,0,premium,31.5,0,0,0.047451094,771.0,1.4947094544768331,High Priority,1.494709461
9889,2020-04-11,1,premium,33.25,0,0,0.044928756,834.0,1.4938811240717769,High Priority,1.493881137
6572,2020-04-11,0,basic,9.5,0,0,0.15691663,76.0,1.490708015859127,High Priority,1.490707985
2089,2020-04-19,0,premium,33.25,0,0,0.044746455,839.0,1.487819622270763,High Priority,1.4878196287499998
2680,2020-05-01,0,basic,9.5,0,0,0.15532212,79.0,1.4755601361393929,High Priority,1.47556014
10217,2020-05-08,0,plus,20.0,0,0,0.073566556,356.0,1.4713311195373535,High Priority,1.47133112
7997,2020-04-11,0,plus,18.0,0,0,0.08171045,285.0,1.4707881063222883,High Priority,1.4707881
6909,2020-04-11,0,premium,35.0,0,0,0.04173523,956.0,1.4607329852879047,High Priority,1.46073305
10472,2020-05-08,0,basic,9.5,0,0,0.1530064,82.0,1.4535608440637589,High Priority,1.4535608
3946,2020-04-20,1,plus,20.0,0,0,0.07222295,368.0,1.4444589614868164,High Priority,1.444459
10142,2020-04-27,0,basic,10.0,0,0,0.14384966,88.0,1.438496559858322,High Priority,1.4384966
8019,2020-05-10,0,premium,35.0,0,0,0.041085344,977.0,1.43798703327775,High Priority,1.43798704
11779,2020-04-26,0,plus,19.0,0,0,0.075622566,338.0,1.4368287548422811,High Priority,1.436828754
8849,2020-04-28,0,premium,35.0,0,0,0.041016195,981.0,1.4355668239295485,High Priority,1.435566825
1983,2020-04-26,0,basic,9.5,0,0,0.15078737,85.0,1.4324799999594688,High Priority,1.432480015
10534,2020-04-15,0,basic,10.0,0,0,0.14271785,90.0,1.427178531885147,High Priority,1.4271785000000001
2892,2020-05-09,0,basic,9.0,0,0,0.15791559,73.0,1.4212403297424316,High Priority,1.42124031
6637,2020-04-11,0,plus,20.0,0,0,0.07081957,379.0,1.4163914322853088,High Priority,1.4163914
8089,2020-04-11,0,premium,33.25,0,0,0.04236281,934.0,1.4085634052753448,High Priority,1.4085634325
9519,2020-05-09,0,premium,35.0,0,0,0.040125906,1011.0,1.404406726360321,High Priority,1.4044067100000002
10551,2020-05-08,0,basic,10.0,0,0,0.14015624,94.0,1.4015623927116394,High Priority,1.4015624
10939,2020-04-25,0,premium,35.0,0,0,0.03993447,1022.0,1.3977064937353134,High Priority,1.39770645
699,2020-05-04,0,premium,31.5,0,0,0.0442319,853.0,1.3933048211038113,High Priority,1.3933048499999998
3179,2020-04-12,1,premium,33.25,0,0,0.04172092,958.0,1.3872205670922997,High Priority,1.38722059
11339,2020-05-06,0,plus,20.0,0,0,0.06903557,397.0,1.3807113468647003,High Priority,1.3807114
5099,2020-05-10,0,premium,31.5,0,0,0.043798756,870.0,1.3796608094125986,High Priority,1.379660814
1657,2020-05-09,0,plus,20.0,0,0,0.06844338,402.0,1.3688676059246063,High Priority,1.3688676
8306,2020-04-11,0,plus,20.0,0,0,0.068434216,403.0,1.368684321641922,High Priority,1.36868432
5248,2020-04-29,1,plus,20.0,0,0,0.06811207,407.0,1.362241357564926,High Priority,1.3622413999999998
356,2020-05-04,0,plus,20.0,0,0,0.06772857,413.0,1.3545714318752289,High Priority,1.3545714
7812,2020-04-22,0,basic,10.0,0,0,0.13529167,102.0,1.352916657924652,High Priority,1.3529167
9787,2020-04-21,0,plus,19.0,0,0,0.07113464,377.0,1.351558193564415,High Priority,1.35155816
7137,2020-04-30,0,plus,20.0,0,0,0.06753073,415.0,1.3506145775318146,High Priority,1.3506145999999999
9488,2020-05-06,0,premium,33.25,1,0,0.040522937,1000.0,1.3473876463249326,High Priority,1.3473876552500001
48,2020-04-23,0,plus,20.0,0,0,0.06707335,422.0,1.3414670526981354,High Priority,1.3414670000000002
373,2020-04-12,0,basic,9.5,0,0,0.14116447,92.0,1.3410624340176582,High Priority,1.3410624649999998
5849,2020-04-26,0,premium,35.0,0,0,0.038268097,1092.0,1.339383386075497,High Priority,1.339383395
3746,2020-04-15,1,plus,20.0,0,0,0.06696243,424.0,1.3392485678195951,High Priority,1.3392486000000001
1484,2020-05-02,0,basic,9.5,0,0,0.14078873,93.0,1.337492972612381,High Priority,1.337492935
9559,2020-04-22,0,premium,35.0,0,0,0.038184904,1093.0,1.3364716246724129,High Priority,1.3364716399999998
488,2020-05-03,0,plus,19.0,0,0,0.07020213,386.0,1.3338404148817062,High Priority,1.33384047
5609,2020-04-26,0,premium,35.0,0,0,0.03810879,1098.0,1.3338075950741768,High Priority,1.3338076499999998
869,2020-05-05,0,premium,33.25,0,0,0.04010928,1012.0,1.333633576519787,High Priority,1.33363356
2917,2020-04-19,0,plus,20.0,0,0,0.06665087,430.0,1.333017349243164,High Priority,1.3330174000000001
10040,2020-04-13,0,basic,10.0,0,0,0.13329871,104.0,1.3329870998859406,High Priority,1.3329871
3728,2020-04-20,0,plus,20.0,0,0,0.06663108,431.0,1.3326215744018557,High Priority,1.3326216
86,2020-04-17,0,plus,19.0,0,0,0.07010245,388.0,1.331946611404419,High Priority,1.3319465499999998
637,2020-04-23,1,plus,20.0,0,0,0.06653794,433.0,1.3307587802410126,High Priority,1.3307588000000001
1499,2020-04-25,0,premium,31.5,0,0,0.04222265,940.0,1.3300134390592575,High Priority,1.3300134750000001
12200,2020-04-28,1,basic,10.0,0,0,0.13285518,105.0,1.3285517692565918,High Priority,1.3285517999999998
2583,2020-05-10,0,basic,9.5,0,0,0.13957061,95.0,1.325920782983303,High Priority,1.325920795
5799,2020-05-09,0,premium,31.5,0,0,0.04205021,946.0,1.324581580236554,High Priority,1.3245816149999998
1431,2020-04-17,0,basic,10.0,0,0,0.13210003,106.0,1.3210003077983856,High Priority,1.3210003000000001
1401,2020-05-06,0,basic,10.0,0,0,0.13204001,107.0,1.3204000890254974,High Priority,1.3204001
7106,2020-04-22,0,plus,20.0,0,0,0.06585745,435.0,1.3171489536762238,High Priority,1.317149
8597,2020-04-26,0,plus,18.0,0,0,0.07300357,361.0,1.3140642195940018,High Priority,1.31406426
2829,2020-04-23,0,premium,35.0,0,0,0.037525408,1125.0,1.313389278948307,High Priority,1.3133892800000002
8839,2020-04-15,0,premium,35.0,0,0,0.03749368,1128.0,1.312278788536787,High Priority,1.3122788
8487,2020-04-18,0,premium,33.25,1,0,0.039409366,1040.0,1.310361403040588,High Priority,1.3103614195
2057,2020-04-17,0,plus,20.0,0,0,0.06515203,441.0,1.3030405342578888,High Priority,1.3030406
266,2020-04-23,0,plus,19.0,0,0,0.06855672,401.0,1.3025776520371437,High Priority,1.30257768
2278,2020-04-16,0,plus,19.0,0,0,0.06822772,406.0,1.2963267415761948,High Priority,1.2963266800000002
1090,2020-05-04,0,basic,9.0,0,0,0.14382255,89.0,1.2944029569625854,High Priority,1.2944029499999998
1387,2020-05-04,0,plus,19.0,0,0,0.06801288,408.0,1.2922446876764295,High Priority,1.29224472
11213,2020-05-03,0,basic,10.0,0,0,0.12908055,112.0,1.2908054888248444,High Priority,1.2908054999999998
1865,2020-05-10,0,basic,9.5,0,0,0.13574597,101.0,1.2895867377519608,High Priority,1.289586715
2306,2020-04-24,0,plus,20.0,0,0,0.06446687,446.0,1.2893374264240265,High Priority,1.2893374
7468,2020-05-07,0,plus,19.0,0,0,0.06765906,414.0,1.2855220958590508,High Priority,1.2855221399999999
3075,2020-04-17,0,plus,19.0,1,0,0.067369245,417.0,1.280015654861927,High Priority,1.280015655
2016,2020-05-05,0,plus,20.0,0,0,0.06390456,453.0,1.2780912220478058,High Priority,1.2780912
9936,2020-04-22,0,plus,20.0,0,0,0.06378495,454.0,1.2756989896297457,High Priority,1.2756990000000001
1958,2020-05-01,0,plus,20.0,0,0,0.06372479,455.0,1.2744958698749542,High Priority,1.2744958
6679,2020-04-24,0,premium,33.25,0,0,0.038295273,1090.0,1.273317818529904,High Priority,1.2733178272499999
8447,2020-04-20,0,plus,20.0,0,0,0.063621715,456.0,1.2724342942237854,High Priority,1.2724343
1266,2020-05-09,0,plus,19.0,0,0,0.06695021,425.0,1.2720539793372154,High Priority,1.2720539899999999
6814,2020-04-19,0,basic,10.0,0,0,0.1271227,116.0,1.27122700214386,High Priority,1.271227
6978,2020-04-23,0,plus,19.0,0,0,0.06666236,429.0,1.266584910452366,High Priority,1.2665848400000002
3310,2020-04-24,0,basic,10.0,0,0,0.12571089,119.0,1.257108896970749,High Priority,1.2571089
9880,2020-04-13,1,basic,9.5,0,0,0.13152117,108.0,1.249451071023941,High Priority,1.2494511149999998
3279,2020-05-10,0,premium,33.25,0,0,0.03755843,1122.0,1.2488177623599768,High Priority,1.2488177974999999
2916,2020-04-19,0,plus,20.0,0,0,0.062296584,474.0,1.2459316849708555,High Priority,1.24593168
3479,2020-04-11,0,premium,33.25,0,0,0.037447106,1132.0,1.2451162775978446,High Priority,1.2451162745
5151,2020-05-01,0,basic,10.0,0,0,0.12431547,121.0,1.2431547045707705,High Priority,1.2431547
12046,2020-04-27,0,basic,10.0,0,0,0.124164745,122.0,1.2416474521160126,High Priority,1.24164745
6918,2020-05-06,0,plus,20.0,0,0,0.062000588,477.0,1.240011751651764,High Priority,1.24001176
492,2020-04-13,0,basic,9.0,0,0,0.13760921,98.0,1.2384829223155975,High Priority,1.23848289
6905,2020-04-23,0,basic,10.0,0,0,0.123845376,123.0,1.2384537607431412,High Priority,1.2384537599999998
9689,2020-04-30,0,premium,33.25,0,0,0.037165355,1151.0,1.235748051665723,High Priority,1.2357480537499999
10304,2020-05-03,0,basic,10.0,0,0,0.123408586,124.0,1.2340858578681946,High Priority,1.23408586
10172,2020-05-09,0,basic,9.5,0,0,0.1297897,111.0,1.2330021038651466,High Priority,1.2330021500000001
1828,2020-05-06,0,plus,20.0,0,0,0.061545108,486.0,1.230902150273323,High Priority,1.23090216
8599,2020-05-10,0,premium,31.5,0,0,0.038720977,1073.0,1.219710761681199,High Priority,1.2197107754999998
11970,2020-04-28,0,basic,9.5,0,0,0.12806036,115.0,1.216573379933834,High Priority,1.21657342
2627,2020-05-07,0,plus,20.0,0,0,0.060771603,496.0,1.2154320627450943,High Priority,1.21543206
6498,2020-05-06,0,plus,18.0,0,0,0.067301,418.0,1.2114179581403732,High Priority,1.211418
2317,2020-04-12,0,plus,20.0,0,0,0.06048919,499.0,1.2097837775945663,High Priority,1.2097837999999999
6802,2020-04-23,0,basic,10.0,0,0,0.12087351,129.0,1.208735108375549,High Priority,1.2087351
3816,2020-04-23,0,plus,20.0,0,0,0.060110323,502.0,1.2022064626216888,High Priority,1.20220646
7578,2020-05-04,0,plus,19.0,0,0,0.0632006,460.0,1.2008114084601402,High Priority,1.2008113999999999
7380,2020-04-16,0,basic,9.5,0,0,0.1263001,117.0,1.1998509168624878,High Priority,1.19985095
1487,2020-04-19,0,plus,19.0,0,0,0.0630659,463.0,1.1982521265745163,High Priority,1.1982521
11962,2020-04-29,1,basic,9.5,0,0,0.12588891,118.0,1.195944681763649,High Priority,1.195944645
1099,2020-04-11,0,premium,31.5,0,0,0.037861723,1109.0,1.192644288763404,High Priority,1.1926442745
10619,2020-04-21,0,plus,20.0,0,1,0.059513245,512.0,1.1902648955583572,High Priority,1.1902649
2178,2020-05-09,0,plus,19.0,0,0,0.062499017,471.0,1.187481313943863,High Priority,1.1874813229999999
9828,2020-04-13,0,plus,20.0,0,0,0.059319843,515.0,1.1863968521356585,High Priority,1.1863968599999999
3011,2020-05-05,0,basic,10.0,0,0,0.118187495,135.0,1.1818749457597733,High Priority,1.18187495
10696,2020-05-05,0,plus,18.0,0,0,0.06548728,438.0,1.178771048784256,High Priority,1.17877104
10856,2020-05-04,0,plus,20.0,0,0,0.058901843,521.0,1.178036853671074,High Priority,1.17803686
8706,2020-04-12,0,plus,20.0,0,0,0.05856573,530.0,1.1713145673274994,High Priority,1.1713146
5178,2020-05-03,0,plus,19.0,0,0,0.061592914,484.0,1.17026536911726,High Priority,1.170265366
6357,2020-04-24,0,plus,20.0,0,0,0.05844971,533.0,1.1689942330121994,High Priority,1.1689942
9444,2020-04-22,0,basic,10.0,0,0,0.116554186,138.0,1.1655418574810028,High Priority,1.16554186
8116,2020-04-21,0,plus,20.0,0,0,0.058154337,538.0,1.1630867421627045,High Priority,1.16308674
10492,2020-04-14,0,basic,9.0,0,0,0.12859091,114.0,1.1573182046413422,High Priority,1.15731819
9667,2020-05-01,0,plus,19.0,0,0,0.06075209,497.0,1.154289711266756,High Priority,1.15428971
8727,2020-04-18,0,plus,20.0,0,0,0.0576554,544.0,1.1531080305576324,High Priority,1.153108
6636,2020-05-02,0,plus,20.0,0,0,0.057473958,546.0,1.1494791507720947,High Priority,1.14947916
10259,2020-04-20,0,plus,20.0,0,1,0.057291027,548.0,1.1458205431699753,High Priority,1.14582054
5327,2020-04-16,0,plus,20.0,0,0,0.057104588,551.0,1.1420917510986328,High Priority,1.14209176
1868,2020-04-20,0,plus,19.0,0,0,0.0598443,509.0,1.1370417028665545,High Priority,1.1370417000000002
2032,2020-05-05,0,basic,10.0,0,0,0.11344409,141.0,1.1344408988952637,High Priority,1.1344409
533,2020-04-22,0,basic,10.0,0,0,0.11315896,143.0,1.131589636206627,High Priority,1.1315896
2670,2020-05-05,0,basic,9.5,0,0,0.11907719,134.0,1.131233312189579,High Priority,1.131233305
5076,2020-05-05,0,plus,19.0,0,0,0.059399202,514.0,1.12858484685421,High Priority,1.1285848379999999
7116,2020-05-05,0,plus,20.0,0,0,0.056208074,565.0,1.1241614818572998,High Priority,1.12416148
6728,2020-05-09,0,plus,20.0,0,0,0.05589855,569.0,1.1179710179567337,High Priority,1.117971
5816,2020-04-12,0,plus,20.0,0,0,0.0558502,572.0,1.117004007101059,High Priority,1.117004
9441,2020-04-24,0,basic,10.0,0,0,0.11119381,148.0,1.1119381338357923,High Priority,1.1119381000000002
1577,2020-05-06,0,plus,19.0,0,0,0.058514286,531.0,1.111771430820227,High Priority,1.111771434
7017,2020-04-30,1,plus,20.0,0,0,0.05558609,579.0,1.111721768975258,High Priority,1.1117218
12151,2020-05-10,0,basic,10.0,0,0,0.11089588,149.0,1.1089587956666946,High Priority,1.1089588
10057,2020-05-07,0,plus,20.0,0,0,0.05526857,584.0,1.1053714156150818,High Priority,1.1053714000000001
10400,2020-04-18,0,basic,10.0,0,0,0.11041187,150.0,1.104118674993515,High Priority,1.1041187
3956,2020-04-29,0,plus,20.0,0,0,0.055168834,588.0,1.1033766716718674,High Priority,1.10337668
2794,2020-04-27,0,basic,9.0,0,0,0.122106515,126.0,1.098958633840084,High Priority,1.098958635
4984,2020-04-20,0,basic,9.5,0,0,0.115122646,139.0,1.093665137887001,High Priority,1.093665137
2702,2020-04-12,0,basic,10.0,0,0,0.10898336,153.0,1.089833602309227,High Priority,1.0898336
7946,2020-04-21,0,plus,20.0,0,0,0.05435761,609.0,1.0871522128582,High Priority,1.0871522
2507,2020-04-23,0,plus,20.0,0,0,0.054145135,611.0,1.0829026997089386,High Priority,1.0829027
7847,2020-05-09,0,plus,20.0,0,0,0.054022547,613.0,1.0804509371519089,High Priority,1.08045094
4337,2020-04-28,0,plus,20.0,0,0,0.054015443,614.0,1.0803088545799255,High Priority,1.0803088600000001
6756,2020-05-04,0,plus,20.0,0,0,0.05341273,622.0,1.0682546347379684,High Priority,1.0682546
8837,2020-04-19,0,plus,20.0,0,0,0.053309217,625.0,1.0661843419075012,High Priority,1.06618434
10800,2020-04-19,0,basic,10.0,0,0,0.10630394,158.0,1.0630393773317337,High Priority,1.0630394
10323,2020-05-05,0,basic,10.0,0,0,0.105482906,161.0,1.0548290610313416,High Priority,1.05482906
12730,2020-05-02,0,basic,10.0,0,0,0.10539929,162.0,1.0539928823709488,High Priority,1.0539929000000001
2328,2020-05-02,0,plus,20.0,0,0,0.052497476,640.0,1.0499495267868042,High Priority,1.04994952
10751,2020-05-08,0,basic,10.0,0,0,0.10438278,165.0,1.0438278317451477,High Priority,1.0438277999999999
9017,2020-04-19,0,plus,20.0,0,0,0.052042272,651.0,1.040845438838005,High Priority,1.04084544
10988,2020-04-12,0,plus,19.0,0,0,0.05472869,600.0,1.0398451201617718,High Priority,1.0398451100000001
8054,2020-04-27,0,basic,10.0,0,0,0.10396584,166.0,1.0396584123373032,High Priority,1.0396584
4182,2020-04-13,0,basic,9.5,0,0,0.10928697,152.0,1.0382262282073498,High Priority,1.038226215
10712,2020-04-17,0,basic,10.0,0,0,0.10350278,169.0,1.035027801990509,High Priority,1.0350278
1388,2020-04-18,0,plus,19.0,0,0,0.054458965,605.0,1.0347203277051449,High Priority,1.034720335
10395,2020-04-26,0,basic,9.0,0,0,0.1149656,140.0,1.0346904247999191,High Priority,1.0346904000000001
6080,2020-04-11,0,basic,9.5,0,0,0.10890888,154.0,1.0346343293786049,High Priority,1.03463436
5037,2020-04-14,0,plus,20.0,0,0,0.051722355,656.0,1.0344471037387848,High Priority,1.0344471
9058,2020-05-05,0,plus,20.0,0,0,0.051626332,660.0,1.0325266420841217,High Priority,1.03252664
8846,2020-05-06,0,plus,20.0,0,0,0.05159021,661.0,1.031804233789444,High Priority,1.0318041999999998
11289,2020-05-01,0,plus,19.0,0,0,0.054288127,610.0,1.0314744040369987,High Priority,1.031474413
3407,2020-04-22,0,plus,20.0,0,0,0.05148456,663.0,1.0296911746263504,High Priority,1.0296912
5300,2020-04-19,0,basic,10.0,0,0,0.1028968,174.0,1.028968021273613,High Priority,1.0289679999999999
2978,2020-04-19,0,plus,19.0,0,0,0.053986896,615.0,1.025751020759344,High Priority,1.025751024
5058,2020-04-19,0,plus,20.0,0,0,0.051037785,669.0,1.0207556933164597,High Priority,1.0207557
4637,2020-04-19,0,plus,20.0,0,0,0.050986286,672.0,1.019725725054741,High Priority,1.01972572
3891,2020-04-22,0,basic,9.0,0,0,0.11329656,142.0,1.01966904848814,High Priority,1.0196690400000001
10037,2020-04-16,0,basic,10.0,0,1,0.101891726,177.0,1.0189172625541687,High Priority,1.01891726
8892,2020-04-16,0,basic,9.0,0,0,0.11304122,144.0,1.0173709988594055,High Priority,1.01737098
8748,2020-05-03,0,plus,20.0,0,0,0.05079054,680.0,1.0158108174800873,High Priority,1.0158108000000001
5747,2020-04-12,0,plus,20.0,0,0,0.05074612,683.0,1.01492241024971,High Priority,1.0149224
8053,2020-04-26,0,basic,10.0,0,0,0.101369075,179.0,1.0136907547712326,High Priority,1.01369075
10711,2020-04-11,0,basic,10.0,0,0,0.10129786,180.0,1.0129786282777786,High Priority,1.0129786
2737,2020-04-12,0,plus,20.0,0,0,0.050569154,687.0,1.0113830864429474,High Priority,1.0113830799999999
9048,2020-05-06,0,plus,20.0,0,0,0.05053749,688.0,1.0107497870922089,High Priority,1.0107498
1672,2020-05-04,0,basic,9.5,0,0,0.1063459,157.0,1.0102860443294048,High Priority,1.01028605
4657,2020-05-10,0,plus,20.0,0,0,0.050480016,690.0,1.0096003115177157,High Priority,1.00960032
11483,2020-05-10,0,basic,9.5,0,0,0.10581369,160.0,1.00523005053401,High Priority,1.005230055
10968,2020-05-06,0,plus,19.0,0,0,0.052762736,635.0,1.0024919770658016,High Priority,1.002491984
1278,2020-04-17,1,plus,19.0,0,0,0.052624326,637.0,0.9998621977865696,High Priority,0.999862194
1837,2020-04-12,0,plus,20.0,0,0,0.04998123,702.0,0.9996245801448822,High Priority,0.9996246
4542,2020-04-11,0,plus,20.0,1,0,0.049976576,703.0,0.9995315223932266,High Priority,0.99953152
4347,2020-04-23,0,plus,20.0,0,0,0.04995005,704.0,0.9990009665489196,High Priority,0.999001
5556,2020-05-01,0,plus,20.0,0,0,0.04989484,708.0,0.9978967905044556,High Priority,0.9978968
10307,2020-05-04,0,plus,20.0,0,0,0.04979384,710.0,0.9958767890930176,High Priority,0.9958768
9457,2020-04-30,0,plus,20.0,0,0,0.04968695,713.0,0.9937389940023422,High Priority,0.993739
2986,2020-05-03,0,plus,19.0,0,0,0.052290007,642.0,0.9935101419687272,High Priority,0.993510133
1541,2020-05-06,0,basic,10.0,0,0,0.09909961,183.0,0.9909960627555848,High Priority,0.9909961
386,2020-04-29,0,plus,19.0,0,0,0.05215429,647.0,0.9909315370023252,High Priority,0.99093151
5554,2020-04-17,0,basic,10.0,0,0,0.09893741,184.0,0.9893740713596344,High Priority,0.9893741
10242,2020-04-19,0,basic,10.0,0,0,0.09888978,185.0,0.988897830247879,High Priority,0.9888977999999999
876,2020-04-21,0,plus,19.0,0,0,0.051948488,652.0,0.987021267414093,High Priority,0.987021272
1435,2020-04-20,0,basic,10.0,0,0,0.098548934,187.0,0.9854893386363984,High Priority,0.98548934
12039,2020-05-10,0,plus,20.0,0,0,0.049217515,724.0,0.9843502938747406,High Priority,0.9843503
9132,2020-04-20,0,basic,10.0,0,0,0.09836063,188.0,0.9836062788963318,High Priority,0.9836063
3577,2020-05-08,0,plus,19.0,0,0,0.05172078,657.0,0.9826948083937168,High Priority,0.98269482
8936,2020-04-28,0,plus,20.0,0,0,0.04873312,740.0,0.9746623784303664,High Priority,0.9746623999999999
204,2020-05-02,1,basic,10.0,0,0,0.097132936,191.0,0.9713293612003326,High Priority,0.97132936
11899,2020-05-02,0,plus,18.0,0,0,0.05395121,616.0,0.9711218029260636,High Priority,0.97112178
12038,2020-05-08,0,basic,10.0,0,0,0.09675417,196.0,0.9675417095422744,High Priority,0.9675417
4047,2020-05-02,0,plus,20.0,0,0,0.048226178,752.0,0.9645235538482666,High Priority,0.9645235600000001
9117,2020-04-27,0,plus,20.0,0,0,0.048141744,754.0,0.9628348797559738,High Priority,0.96283488
6648,2020-05-02,0,plus,20.0,0,0,0.04804765,755.0,0.9609530121088028,High Priority,0.960953
10614,2020-04-19,0,basic,10.0,0,0,0.09606535,198.0,0.9606534987688063,High Priority,0.9606534999999999
7255,2020-04-27,0,basic,10.0,0,0,0.09575686,200.0,0.95756858587265,High Priority,0.9575686
10665,2020-05-06,0,basic,9.5,0,0,0.10078744,181.0,0.957480665296316,High Priority,0.9574806800000001
5714,2020-04-16,0,basic,10.0,0,0,0.09566132,201.0,0.9566131979227066,High Priority,0.9566131999999999
9390,2020-04-24,0,basic,9.0,0,0,0.10618262,159.0,0.9556435793638228,High Priority,0.95564358
8968,2020-05-03,0,plus,19.0,0,0,0.050290193,697.0,0.9555136747658252,High Priority,0.955513667
10021,2020-04-14,0,basic,10.0,0,0,0.09539273,202.0,0.9539272636175156,High Priority,0.9539272999999999
10228,2020-04-30,0,plus,20.0,0,0,0.047613587,764.0,0.9522717446088792,High Priority,0.95227174
10131,2020-04-13,0,basic,10.0,0,0,0.095143765,204.0,0.9514376521110536,High Priority,0.95143765
10437,2020-04-24,0,plus,20.0,0,0,0.047462378,770.0,0.9492475539445876,High Priority,0.94924756
11721,2020-04-19,0,basic,10.0,0,0,0.09461537,207.0,0.9461537003517152,High Priority,0.9461537
11258,2020-04-25,0,basic,10.0,0,0,0.09443007,209.0,0.9443006664514542,High Priority,0.9443007000000001
1193,2020-05-07,0,basic,9.0,0,0,0.10488217,163.0,0.943939559161663,High Priority,0.94393953
2166,2020-04-20,0,plus,19.0,0,0,0.049666625,714.0,0.9436658658087254,High Priority,0.943665875
8197,2020-04-18,0,plus,18.0,0,0,0.05229249,641.0,0.9412647932767868,High Priority,0.94126482
3912,2020-05-01,0,basic,10.0,0,0,0.09388452,211.0,0.9388452023267746,High Priority,0.9388452
11390,2020-05-07,0,basic,9.0,0,0,0.10392194,167.0,0.9352974817156792,High Priority,0.93529746
4737,2020-04-14,0,plus,20.0,0,0,0.04661983,783.0,0.9323965758085252,High Priority,0.9323966
6293,2020-05-04,0,basic,9.0,0,0,0.10303622,173.0,0.9273259565234184,High Priority,0.92732598
4666,2020-04-28,0,plus,19.0,0,0,0.048779316,739.0,0.9268070086836816,High Priority,0.926807004
8145,2020-04-13,0,basic,10.0,0,0,0.09234257,217.0,0.923425704240799,High Priority,0.9234257
11136,2020-04-18,0,basic,10.0,0,0,0.09213583,219.0,0.9213583171367644,High Priority,0.9213583000000001
4526,2020-04-23,0,plus,20.0,0,0,0.046063732,794.0,0.9212746471166612,High Priority,0.92127464
6245,2020-04-27,0,basic,10.0,0,0,0.09207572,220.0,0.9207572042942048,High Priority,0.9207571999999999
8777,2020-04-19,0,plus,19.0,0,0,0.048374362,746.0,0.9191128835082054,High Priority,0.919112878
6388,2020-05-05,0,plus,19.0,0,0,0.048151005,753.0,0.9148690961301328,High Priority,0.9148690949999999
2551,2020-04-26,0,basic,10.0,0,0,0.09148496,222.0,0.9148495644330978,High Priority,0.9148496
7526,2020-05-01,0,plus,20.0,0,0,0.045430217,817.0,0.9086043387651443,High Priority,0.90860434
5594,2020-05-05,0,basic,9.0,0,0,0.10052821,182.0,0.9047538936138152,High Priority,0.9047538900000001
6043,2020-05-08,0,basic,10.0,0,0,0.09003983,230.0,0.9003982692956924,High Priority,0.9003983
10993,2020-05-07,0,plus,18.0,1,0,0.04992809,705.0,0.8987056463956833,High Priority,0.89870562
6854,2020-04-22,0,basic,10.0,0,0,0.08973314,232.0,0.8973313868045807,High Priority,0.8973314
12588,2020-04-30,0,basic,9.5,0,0,0.09433488,210.0,0.8961813412606716,High Priority,0.8961813599999999
9754,2020-04-12,0,basic,10.0,0,0,0.08961811,235.0,0.8961810916662216,High Priority,0.8961811
2548,2020-04-29,0,plus,20.0,0,0,0.04469495,840.0,0.8938989788293839,High Priority,0.893899
10702,2020-04-26,0,basic,10.0,0,0,0.0890588,239.0,0.8905880153179169,High Priority,0.8905879999999999
1557,2020-05-10,0,plus,20.0,0,0,0.04441129,848.0,0.8882258087396622,High Priority,0.8882258
32,2020-04-17,0,basic,10.0,0,0,0.088691175,240.0,0.8869117498397827,High Priority,0.88691175
3366,2020-05-04,0,plus,19.0,0,0,0.046585944,785.0,0.8851329274475574,High Priority,0.885132936
4820,2020-04-23,0,basic,10.0,0,0,0.088215604,243.0,0.8821560442447662,High Priority,0.88215604
7826,2020-04-14,0,plus,20.0,0,0,0.044045463,858.0,0.880909264087677,High Priority,0.88090926
8896,2020-04-29,0,plus,18.0,0,0,0.04879007,738.0,0.8782212808728218,High Priority,0.87822126
8048,2020-04-24,0,plus,20.0,0,0,0.04386799,863.0,0.8773598074913025,High Priority,0.8773598
2382,2020-04-27,0,basic,9.5,0,0,0.09232265,218.0,0.8770651519298553,High Priority,0.877065175
5517,2020-05-04,0,plus,20.0,0,0,0.04383666,865.0,0.8767332136631012,High Priority,0.8767332
6457,2020-04-24,0,plus,20.0,0,0,0.043803286,868.0,0.8760657161474228,High Priority,0.8760657199999999
616,2020-04-15,0,plus,20.0,0,0,0.043769028,873.0,0.8753805607557297,High Priority,0.87538056
3876,2020-04-26,0,plus,19.0,0,0,0.045952838,798.0,0.8731039203703403,High Priority,0.8731039220000001
6772,2020-05-02,0,basic,9.5,0,0,0.09170923,221.0,0.871237650513649,High Priority,0.871237685
1827,2020-04-16,0,plus,20.0,0,0,0.043491337,883.0,0.8698267489671707,High Priority,0.8698267399999999
12066,2020-04-20,0,basic,9.5,0,0,0.091473326,223.0,0.8689965978264809,High Priority,0.868996597
2933,2020-04-27,0,basic,10.0,0,0,0.08675302,248.0,0.8675301820039749,High Priority,0.8675302
6318,2020-04-13,0,plus,20.0,0,0,0.043263525,892.0,0.8652704954147339,High Priority,0.8652704999999999
366,2020-04-19,0,plus,19.0,0,0,0.045383785,819.0,0.8622919134795666,High Priority,0.862291915
11373,2020-04-11,0,basic,9.5,0,0,0.090601794,226.0,0.8607170470058918,High Priority,0.860717043
874,2020-04-27,0,basic,9.5,0,0,0.09053683,229.0,0.8600999116897583,High Priority,0.860099885
4917,2020-04-11,0,plus,20.0,0,0,0.042995993,904.0,0.859919860959053,High Priority,0.8599198600000001
9718,2020-04-12,0,plus,20.0,0,0,0.042903554,911.0,0.8580710738897324,High Priority,0.8580710800000001
10540,2020-04-12,0,basic,10.0,0,0,0.08580166,255.0,0.8580166101455688,High Priority,0.8580166
6946,2020-04-22,0,plus,20.0,0,0,0.04290045,912.0,0.85800901055336,High Priority,0.858009
6891,2020-05-02,0,basic,9.0,0,0,0.09513605,205.0,0.8562244176864624,High Priority,0.85622445
1786,2020-04-30,1,plus,19.0,0,0,0.044997822,831.0,0.8549586273729801,High Priority,0.854958618
9227,2020-04-17,0,plus,20.0,0,0,0.0427335,920.0,0.8546700328588486,High Priority,0.85467
4381,2020-05-08,0,basic,9.5,0,0,0.08983031,231.0,0.8533879369497299,High Priority,0.8533879449999999
2585,2020-04-21,0,basic,9.5,0,0,0.089713104,234.0,0.8522744886577129,High Priority,0.852274488
2031,2020-04-19,0,basic,10.0,0,0,0.08518512,257.0,0.8518511801958084,High Priority,0.8518512
10122,2020-04-21,0,basic,10.0,0,0,0.0851676,258.0,0.8516760170459747,High Priority,0.851676
4438,2020-04-15,0,plus,20.0,0,0,0.04255381,925.0,0.8510761708021164,High Priority,0.8510762
11388,2020-05-05,0,basic,9.5,0,0,0.08953851,236.0,0.850615818053484,High Priority,0.850615845
2438,2020-04-28,0,plus,20.0,0,0,0.042492967,926.0,0.8498593419790268,High Priority,0.84985934
10317,2020-05-09,0,plus,20.0,0,0,0.042442456,929.0,0.8488491177558899,High Priority,0.8488491200000001
7228,2020-05-03,0,plus,20.0,0,0,0.042389743,932.0,0.8477948606014252,High Priority,0.84779486
11737,2020-05-01,0,basic,10.0,0,0,0.08473259,261.0,0.8473259210586548,High Priority,0.8473259
7144,2020-05-07,0,basic,10.0,0,0,0.08468594,262.0,0.8468593657016754,High Priority,0.8468594
11657,2020-05-05,0,basic,10.0,0,0,0.084415495,263.0,0.844154953956604,High Priority,0.84415495
7695,2020-05-06,0,basic,9.0,0,0,0.09378587,212.0,0.8440728038549423,High Priority,0.84407283
2018,2020-04-17,0,plus,20.0,0,0,0.042180005,943.0,0.8436001092195511,High Priority,0.8436001
11553,2020-05-10,0,basic,10.0,0,0,0.08434641,264.0,0.8434641361236572,High Priority,0.8434640999999999
5054,2020-04-12,0,plus,20.0,1,0,0.04209764,945.0,0.8419527858495712,High Priority,0.8419528
0,2020-05-05,0,basic,10.0,0,0,0.08382279,268.0,0.8382278680801392,High Priority,0.8382278999999999
4027,2020-04-22,0,plus,20.0,0,0,0.041784335,953.0,0.8356866985559464,High Priority,0.8356867
6190,2020-04-19,0,basic,9.0,0,0,0.0927949,214.0,0.8351541236042976,High Priority,0.8351541
1206,2020-04-23,0,basic,10.0,0,1,0.083418675,269.0,0.8341867476701736,High Priority,0.83418675
6023,2020-05-09,0,basic,10.0,0,0,0.083343215,270.0,0.8334321528673172,High Priority,0.8334321499999999
2207,2020-05-08,0,plus,20.0,0,0,0.041561794,963.0,0.831235870718956,High Priority,0.8312358799999999
10216,2020-04-11,0,plus,20.0,0,0,0.04154236,965.0,0.8308471739292145,High Priority,0.8308472
10158,2020-04-12,0,plus,20.0,0,0,0.041537147,966.0,0.8307429403066635,High Priority,0.83074294
12043,2020-04-27,0,basic,10.0,0,0,0.08292658,272.0,0.8292657881975174,High Priority,0.8292657999999999
232,2020-04-25,0,plus,20.0,1,0,0.041360363,971.0,0.8272072672843933,High Priority,0.82720726
11054,2020-04-22,0,basic,10.0,0,0,0.08271738,274.0,0.8271738141775131,High Priority,0.8271738
12231,2020-04-24,0,basic,10.0,0,0,0.082632676,275.0,0.8263267576694489,High Priority,0.82632676
6485,2020-04-27,0,basic,9.5,0,0,0.08693668,247.0,0.8258984833955765,High Priority,0.82589846
3536,2020-05-02,0,plus,20.0,0,0,0.04116963,976.0,0.8233925700187683,High Priority,0.8233926
10550,2020-04-18,0,basic,10.0,0,0,0.08226662,276.0,0.8226662129163742,High Priority,0.8226662
11197,2020-05-06,0,basic,9.0,0,0,0.091293775,224.0,0.8216439709067345,High Priority,0.821643975
9572,2020-04-25,0,basic,9.5,0,0,0.086463705,249.0,0.8214051946997643,High Priority,0.8214051975000001
676,2020-04-29,0,plus,19.0,0,0,0.04321872,895.0,0.8211556933820248,High Priority,0.82115568
6137,2020-05-05,0,plus,20.0,0,0,0.041049358,979.0,0.8209871500730515,High Priority,0.82098716
4815,2020-05-10,0,basic,10.0,0,0,0.08208205,277.0,0.8208204805850983,High Priority,0.8208205000000001
12258,2020-04-29,0,basic,10.0,0,0,0.08205234,278.0,0.8205234259366989,High Priority,0.8205234
10205,2020-05-10,0,basic,10.0,0,0,0.08193338,282.0,0.8193337917327881,High Priority,0.8193338
308,2020-04-24,0,plus,20.0,0,0,0.040920626,985.0,0.8184125274419785,High Priority,0.8184125200000001
9152,2020-04-27,0,basic,10.0,0,0,0.08179022,284.0,0.8179022371768951,High Priority,0.8179022
3505,2020-04-26,0,basic,10.0,0,0,0.081640124,287.0,0.8164012432098389,High Priority,0.8164012399999999
248,2020-04-23,0,plus,20.0,0,0,0.040789194,992.0,0.8157838881015778,High Priority,0.81578388
9208,2020-05-01,0,plus,20.0,0,0,0.04077562,993.0,0.8155123889446259,High Priority,0.8155124
3090,2020-05-09,0,basic,9.0,0,0,0.09056957,228.0,0.8151261359453201,High Priority,0.81512613
1238,2020-04-16,0,plus,20.0,0,0,0.040537894,998.0,0.8107578754425049,High Priority,0.8107578799999999
4818,2020-04-15,0,plus,20.0,0,0,0.040512666,1001.0,0.8102533221244812,High Priority,0.81025332
2980,2020-04-30,0,basic,9.5,0,0,0.08515053,259.0,0.8089300580322742,High Priority,0.808930035
3308,2020-04-11,0,plus,20.0,0,0,0.040433675,1003.0,0.8086735010147095,High Priority,0.8086735
6900,2020-04-22,1,basic,10.0,0,0,0.08052212,300.0,0.8052211999893188,High Priority,0.8052212000000001
10998,2020-04-19,0,basic,9.0,0,1,0.08934545,237.0,0.8041090294718742,High Priority,0.8041090500000001
3188,2020-05-04,0,plus,19.0,0,0,0.042312678,936.0,0.8039408810436726,High Priority,0.803940882
1342,2020-05-10,0,basic,10.0,0,0,0.08038561,302.0,0.8038561046123505,High Priority,0.8038561
3856,2020-05-01,0,plus,20.0,0,0,0.040168334,1008.0,0.8033666759729385,High Priority,0.80336668
3315,2020-04-25,0,plus,20.0,1,0,0.040105674,1013.0,0.802113488316536,High Priority,0.80211348
8010,2020-04-25,0,basic,10.0,0,0,0.0801519,304.0,0.8015190064907074,High Priority,0.801519
9532,2020-05-01,0,basic,10.0,0,0,0.080062054,305.0,0.8006205409765244,High Priority,0.8006205399999999
8258,2020-05-07,0,plus,20.0,0,0,0.040023956,1015.0,0.8004791289567947,High Priority,0.80047912
10258,2020-04-30,0,plus,20.0,0,0,0.040007606,1016.0,0.8001521229743958,High Priority,0.80015212
10056,2020-04-15,0,plus,20.0,0,0,0.04000424,1018.0,0.8000847697257996,High Priority,0.8000848
3598,2020-04-25,0,plus,18.0,0,0,0.044406082,849.0,0.7993094846606255,High Priority,0.799309476
5821,2020-04-26,0,basic,10.0,0,0,0.07986799,306.0,0.7986798882484436,High Priority,0.7986799
1153,2020-04-16,0,basic,10.0,0,0,0.07969167,307.0,0.7969167083501816,High Priority,0.7969167
531,2020-05-08,0,basic,10.0,0,0,0.079584934,308.0,0.7958493381738663,High Priority,0.79584934
4842,2020-04-19,0,basic,10.0,0,0,0.07952318,310.0,0.7952318340539932,High Priority,0.7952318
2537,2020-05-01,0,plus,20.0,0,0,0.03966523,1033.0,0.7933045923709869,High Priority,0.7933046
3196,2020-05-06,0,plus,18.0,0,0,0.044062626,857.0,0.7931272611021996,High Priority,0.793127268
12546,2020-04-30,0,basic,10.0,0,0,0.079246044,313.0,0.7924604415893555,High Priority,0.79246044
6026,2020-05-09,0,plus,20.0,0,0,0.03962031,1035.0,0.7924062013626099,High Priority,0.7924062
8256,2020-04-24,0,plus,20.0,0,0,0.03952741,1036.0,0.790548175573349,High Priority,0.7905481999999999
11893,2020-04-24,0,basic,9.0,0,0,0.0877757,244.0,0.789981298148632,High Priority,0.7899813
1001,2020-04-19,0,basic,10.0,0,0,0.07893221,315.0,0.7893221080303192,High Priority,0.7893221
4957,2020-04-29,0,plus,20.0,0,0,0.039378256,1042.0,0.7875651121139526,High Priority,0.78756512
927,2020-04-12,0,plus,20.0,0,0,0.039262995,1049.0,0.7852599024772644,High Priority,0.7852599
9956,2020-04-18,0,plus,20.0,0,0,0.039231874,1052.0,0.7846374809741974,High Priority,0.78463748
9166,2020-05-04,0,plus,19.0,0,0,0.04128834,973.0,0.7844784334301949,High Priority,0.78447846
7217,2020-04-21,0,plus,20.0,0,0,0.039216902,1055.0,0.784338042140007,High Priority,0.78433804
8311,2020-05-07,0,basic,10.0,0,0,0.078403845,318.0,0.7840384542942047,High Priority,0.7840384499999999
44,2020-04-11,0,basic,10.0,0,0,0.07829167,319.0,0.7829166948795319,High Priority,0.7829166999999999
9448,2020-04-12,0,plus,20.0,0,0,0.038993802,1059.0,0.7798760384321213,High Priority,0.77987604
8177,2020-04-16,0,plus,19.0,0,0,0.04103544,980.0,0.7796733565628529,High Priority,0.77967336
1016,2020-04-22,0,plus,20.0,0,0,0.03897648,1061.0,0.7795295864343643,High Priority,0.7795296
8347,2020-04-25,0,plus,20.0,0,0,0.038976196,1062.0,0.7795239239931107,High Priority,0.7795239199999999
10241,2020-04-15,0,basic,10.0,0,0,0.077698655,324.0,0.7769865542650223,High Priority,0.77698655
10075,2020-04-16,0,basic,9.5,0,0,0.081667654,286.0,0.7758427150547504,High Priority,0.7758427130000001
2843,2020-05-01,0,basic,10.0,0,0,0.0775136,325.0,0.7751359790563583,High Priority,0.775136
10917,2020-04-24,0,plus,20.0,0,0,0.038724557,1071.0,0.7744911313056946,High Priority,0.77449114
7193,2020-04-18,0,basic,9.0,0,0,0.085971095,254.0,0.7737398520112038,High Priority,0.773739855
1427,2020-04-16,0,plus,20.0,0,0,0.038561083,1081.0,0.7712216675281525,High Priority,0.77122166
6836,2020-04-21,0,plus,20.0,0,0,0.03854348,1083.0,0.7708696275949478,High Priority,0.7708695999999999
8943,2020-05-01,0,basic,10.0,0,0,0.0770683,328.0,0.7706829905509949,High Priority,0.770683
2717,2020-04-24,0,plus,20.0,0,0,0.038531464,1084.0,0.770629271864891,High Priority,0.7706292800000001
70,2020-05-07,0,basic,9.5,0,0,0.08095496,296.0,0.7690721340477467,High Priority,0.76907212
4346,2020-04-23,0,plus,20.0,0,0,0.038348746,1088.0,0.7669749110937119,High Priority,0.76697492
11554,2020-04-28,0,basic,10.0,0,0,0.0765699,332.0,0.7656989991664886,High Priority,0.7656989999999999
7363,2020-05-10,0,basic,9.5,0,0,0.08033108,303.0,0.7631452567875385,High Priority,0.7631452599999999
5226,2020-04-17,0,plus,20.0,0,0,0.038128812,1095.0,0.7625762373209,High Priority,0.76257624
5206,2020-05-04,0,plus,20.0,0,0,0.038030416,1101.0,0.7606083154678345,High Priority,0.76060832
12535,2020-05-10,0,basic,10.0,0,0,0.076035745,333.0,0.760357454419136,High Priority,0.76035745
3232,2020-04-13,0,basic,10.0,0,0,0.076007605,334.0,0.7600760459899902,High Priority,0.7600760500000001
7927,2020-04-25,0,plus,20.0,0,0,0.038003694,1104.0,0.7600738853216171,High Priority,0.76007388
4068,2020-04-23,1,plus,19.0,0,0,0.039971087,1020.0,0.7594506554305553,High Priority,0.759450653
9276,2020-04-26,0,plus,19.0,0,0,0.03996988,1021.0,0.759427722543478,High Priority,0.75942772
9912,2020-04-23,0,basic,10.0,0,0,0.07584149,335.0,0.7584148645401001,High Priority,0.7584149
1495,2020-04-23,0,basic,9.0,0,0,0.084254265,266.0,0.7582883834838867,High Priority,0.758288385
9847,2020-04-24,0,plus,20.0,0,0,0.037885614,1107.0,0.7577122747898102,High Priority,0.75771228
11296,2020-05-02,1,basic,9.0,0,0,0.084022954,267.0,0.7562065869569778,High Priority,0.756206586
9264,2020-05-04,0,basic,9.5,0,0,0.07958439,309.0,0.756051704287529,High Priority,0.7560517050000001
2487,2020-04-13,0,plus,19.0,0,0,0.03973512,1031.0,0.754967276006937,High Priority,0.75496728
10088,2020-04-19,0,basic,9.5,0,1,0.079447195,311.0,0.7547483518719673,High Priority,0.7547483524999999
10784,2020-04-21,0,basic,9.5,0,0,0.07943722,312.0,0.7546535767614841,High Priority,0.75465359
1637,2020-05-03,0,plus,20.0,0,0,0.037716668,1117.0,0.7543333619832993,High Priority,0.7543333600000001
7988,2020-04-17,0,plus,19.0,0,0,0.03968874,1032.0,0.7540860585868359,High Priority,0.75408606
1644,2020-04-22,1,basic,10.0,0,0,0.07526714,340.0,0.7526714354753494,High Priority,0.7526714
3105,2020-04-24,0,basic,10.0,0,0,0.07517837,341.0,0.751783698797226,High Priority,0.7517836999999999
546,2020-04-23,1,plus,20.0,0,0,0.037570443,1121.0,0.7514088600873947,High Priority,0.7514088600000001
10358,2020-04-14,0,plus,20.0,0,0,0.037543867,1124.0,0.7508773356676102,High Priority,0.7508773400000001
980,2020-04-12,0,plus,19.0,1,0,0.039460067,1039.0,0.7497412674129009,High Priority,0.749741273
1126,2020-04-20,0,plus,20.0,0,0,0.037461437,1131.0,0.7492287456989288,High Priority,0.74922874
5547,2020-04-13,0,plus,20.0,0,0,0.037352752,1139.0,0.7470550388097763,High Priority,0.74705504
6415,2020-04-28,0,basic,10.0,0,0,0.07465335,344.0,0.7465334981679916,High Priority,0.7465335
6776,2020-04-15,0,plus,19.0,0,0,0.039276995,1047.0,0.746262900531292,High Priority,0.746262905
3028,2020-04-15,0,plus,20.0,0,0,0.037208155,1149.0,0.7441630959510803,High Priority,0.7441631
9203,2020-04-21,0,basic,10.0,0,0,0.0743699,347.0,0.7436989992856979,High Priority,0.743699
9782,2020-04-20,0,basic,9.5,0,0,0.078064024,321.0,0.7416082322597504,High Priority,0.7416082279999999
7388,2020-04-26,0,plus,19.0,0,0,0.038921576,1065.0,0.7395099438726902,High Priority,0.739509944
1835,2020-04-16,0,basic,10.0,0,0,0.07393554,352.0,0.7393553853034973,High Priority,0.7393554
9576,2020-05-10,0,plus,19.0,0,0,0.0389105,1066.0,0.739299513399601,High Priority,0.7392995
4025,2020-04-21,0,plus,20.0,1,0,0.036958624,1156.0,0.7391724735498428,High Priority,0.73917248
6495,2020-04-28,0,basic,9.0,0,0,0.0819949,281.0,0.7379540875554085,High Priority,0.7379541
11892,2020-04-30,0,basic,9.0,0,0,0.08193246,283.0,0.7373921647667885,High Priority,0.73739214
4998,2020-04-17,0,plus,18.0,0,0,0.04072624,994.0,0.7330723330378532,High Priority,0.73307232
11195,2020-04-11,0,basic,9.0,0,0,0.08138301,289.0,0.7324471101164818,High Priority,0.7324470900000001
12828,2020-05-04,0,basic,10.0,0,0,0.073177055,359.0,0.7317705452442169,High Priority,0.73177055
8531,2020-04-23,0,basic,10.0,0,0,0.07306206,360.0,0.7306206226348877,High Priority,0.7306206
8887,2020-04-23,0,plus,19.0,0,0,0.038399678,1087.0,0.7295938767492771,High Priority,0.729593882
11751,2020-04-24,0,basic,10.0,0,0,0.072950885,362.0,0.7295088469982147,High Priority,0.72950885
5997,2020-04-28,0,basic,9.0,0,1,0.08098714,294.0,0.7288842648267746,High Priority,0.72888426
6195,2020-04-15,0,basic,9.0,0,0,0.08096791,295.0,0.7287111952900887,High Priority,0.7287111900000001
11151,2020-05-09,0,basic,10.0,0,0,0.072782375,363.0,0.7278237491846085,High Priority,0.72782375
7690,2020-05-07,0,basic,9.0,0,0,0.080622986,299.0,0.7256068736314774,High Priority,0.7256068739999999
6688,2020-04-21,0,plus,19.0,0,0,0.038169406,1094.0,0.7252187207341194,High Priority,0.725218714
2203,2020-04-28,1,basic,10.0,0,0,0.07250711,365.0,0.725071132183075,High Priority,0.7250711
2820,2020-04-13,1,basic,10.0,0,0,0.07238199,366.0,0.7238198816776276,High Priority,0.7238199
5267,2020-04-18,0,plus,19.0,0,0,0.03803203,1100.0,0.7226085476577282,High Priority,0.72260857
7015,2020-04-13,0,basic,10.0,0,0,0.0722053,369.0,0.7220529764890671,High Priority,0.7220530000000001
1111,2020-05-08,0,basic,10.0,0,0,0.07209042,370.0,0.7209041714668274,High Priority,0.7209042
268,2020-04-22,0,plus,19.0,0,0,0.03787874,1108.0,0.7196960709989071,High Priority,0.71969606
9510,2020-04-19,0,basic,10.0,0,0,0.071904376,372.0,0.7190437614917755,High Priority,0.71904376
3888,2020-05-09,0,plus,19.0,0,0,0.037740473,1114.0,0.7170689813792706,High Priority,0.717068987
10876,2020-05-04,0,plus,19.0,0,0,0.03772812,1115.0,0.7168342731893063,High Priority,0.7168342799999999
8210,2020-04-15,0,basic,10.0,0,0,0.071611345,376.0,0.7161134481430054,High Priority,0.71611345
10877,2020-04-13,0,plus,19.0,0,0,0.037493445,1129.0,0.7123754546046257,High Priority,0.712375455
5489,2020-04-12,0,plus,19.0,0,1,0.037417874,1134.0,0.7109396010637283,High Priority,0.710939606
5086,2020-04-21,0,plus,19.0,0,0,0.037415504,1135.0,0.7108945846557617,High Priority,0.7108945760000001
1994,2020-04-14,0,basic,9.0,0,0,0.07890367,316.0,0.710133008658886,High Priority,0.7101330299999999
6311,2020-04-14,0,basic,10.0,0,0,0.0709132,378.0,0.7091320306062698,High Priority,0.709132
7487,2020-04-20,0,plus,19.0,0,0,0.037263773,1144.0,0.708011694252491,High Priority,0.708011687
4734,2020-04-23,0,basic,10.0,0,0,0.07080031,380.0,0.7080031186342239,High Priority,0.7080031
12623,2020-04-29,1,basic,10.0,0,0,0.070788644,381.0,0.7078864425420761,High Priority,0.70788644
1788,2020-05-07,0,plus,19.0,0,0,0.03724978,1147.0,0.7077458426356316,High Priority,0.7077458200000001
4151,2020-05-02,0,basic,10.0,0,0,0.07075193,382.0,0.7075192779302597,High Priority,0.7075193000000001
1087,2020-05-06,0,plus,19.0,0,0,0.037176933,1150.0,0.7063617296516895,High Priority,0.706361727
7364,2020-05-03,0,basic,9.5,0,0,0.074272685,348.0,0.7055905051529408,High Priority,0.7055905075000001
6612,2020-04-12,0,basic,10.0,0,0,0.07054948,383.0,0.7054948061704636,High Priority,0.7054948
8172,2020-04-24,0,basic,9.5,0,0,0.07417402,350.0,0.7046531587839127,High Priority,0.7046531899999999
2676,2020-04-13,0,plus,19.0,0,0,0.03697222,1155.0,0.702472198754549,High Priority,0.70247218
4133,2020-05-05,0,basic,10.0,0,0,0.07018517,387.0,0.7018516957759857,High Priority,0.7018517000000001
8167,2020-04-26,0,plus,19.0,0,0,0.03683493,1161.0,0.6998636536300182,High Priority,0.69986367
3478,2020-04-26,0,plus,19.0,0,0,0.036769375,1162.0,0.6986181288957596,High Priority,0.698618125
10834,2020-04-25,0,basic,10.0,0,0,0.06975455,389.0,0.6975454837083817,High Priority,0.6975454999999999
3714,2020-04-23,0,basic,10.0,0,0,0.06975194,390.0,0.6975194066762924,High Priority,0.6975194
7934,2020-04-29,0,basic,10.0,0,0,0.06969724,391.0,0.6969723850488663,High Priority,0.6969723999999999
12086,2020-04-23,1,basic,9.5,0,0,0.07335417,357.0,0.6968646124005318,High Priority,0.696864615
12291,2020-04-29,1,basic,9.0,0,0,0.077330515,327.0,0.6959746330976486,High Priority,0.695974635
7965,2020-04-23,0,basic,9.5,0,0,0.073222995,358.0,0.6956184506416321,High Priority,0.6956184525
11520,2020-04-28,0,basic,10.0,0,0,0.06953468,392.0,0.6953468173742294,High Priority,0.6953468
11335,2020-05-07,0,basic,10.0,0,0,0.06930791,396.0,0.6930790841579437,High Priority,0.6930791000000001
5692,2020-04-27,0,basic,9.0,0,0,0.07700227,331.0,0.6930204480886459,High Priority,0.69302043
11077,2020-05-01,0,basic,9.5,0,0,0.072326876,367.0,0.6871053241193295,High Priority,0.687105322
5423,2020-04-18,0,basic,10.0,0,0,0.06865908,399.0,0.6865908205509186,High Priority,0.6865908
8096,2020-05-03,0,plus,18.0,0,0,0.038111415,1097.0,0.6860054656863213,High Priority,0.68600547
4897,2020-04-28,0,plus,18.0,0,0,0.03801309,1103.0,0.6842356100678444,High Priority,0.6842356199999999
10881,2020-04-26,0,basic,9.5,0,0,0.07202182,371.0,0.6842072866857052,High Priority,0.68420729
6261,2020-04-27,0,basic,9.5,0,0,0.071865425,373.0,0.6827215328812599,High Priority,0.6827215375
1581,2020-05-02,0,basic,9.5,0,0,0.071861714,374.0,0.6826862841844559,High Priority,0.6826862829999999
11535,2020-04-25,0,basic,10.0,0,0,0.068236314,405.0,0.6823631376028061,High Priority,0.6823631400000001
11093,2020-05-07,0,basic,9.0,0,0,0.07570283,336.0,0.6813254803419113,High Priority,0.68132547
6494,2020-05-01,0,basic,9.0,0,0,0.07565674,337.0,0.6809106767177582,High Priority,0.68091066
4104,2020-05-10,0,basic,10.0,0,0,0.067829914,409.0,0.678299143910408,High Priority,0.67829914
12044,2020-05-08,0,basic,10.0,0,0,0.067786045,411.0,0.6778604537248611,High Priority,0.6778604500000001
4425,2020-04-24,0,basic,10.0,0,0,0.06729594,419.0,0.6729593873023987,High Priority,0.6729594
1396,2020-05-01,0,plus,18.0,0,0,0.037309404,1143.0,0.6715692803263664,High Priority,0.6715692719999999
9191,2020-05-09,0,basic,9.0,0,0,0.074384086,346.0,0.669456772506237,High Priority,0.669456774
6560,2020-04-12,0,basic,9.5,0,0,0.07036994,385.0,0.668514396995306,High Priority,0.6685144300000001
10690,2020-04-26,0,basic,9.0,0,0,0.07419644,349.0,0.6677679866552353,High Priority,0.66776796
2720,2020-04-12,0,basic,10.0,0,0,0.066769324,426.0,0.667693242430687,High Priority,0.6676932400000001
6922,2020-04-26,0,basic,10.0,0,0,0.066709206,427.0,0.6670920550823212,High Priority,0.6670920599999999
5755,2020-04-17,0,basic,10.0,0,0,0.066681825,428.0,0.6668182462453842,High Priority,0.66681825
11503,2020-04-11,0,basic,10.0,0,0,0.06660389,432.0,0.666038915514946,High Priority,0.6660389
2493,2020-05-07,0,basic,9.0,0,0,0.073683545,355.0,0.6631519049406052,High Priority,0.663151905
3883,2020-04-17,0,basic,9.5,0,0,0.069368206,393.0,0.6589979566633701,High Priority,0.658997957
6661,2020-04-12,0,basic,9.5,0,0,0.06935141,394.0,0.6588384173810482,High Priority,0.6588383950000001
8290,2020-04-27,0,basic,9.0,0,0,0.07261482,364.0,0.6535333693027496,High Priority,0.6535333799999999
11660,2020-04-24,1,basic,9.5,0,0,0.06833095,404.0,0.649144034832716,High Priority,0.649144025
11218,2020-04-29,0,basic,10.0,0,0,0.064552866,445.0,0.6455286592245102,High Priority,0.64552866
10565,2020-04-13,0,basic,9.5,0,0,0.06776021,412.0,0.6437219642102718,High Priority,0.643721995
4505,2020-04-23,0,basic,10.0,0,0,0.06430793,448.0,0.6430792808532715,High Priority,0.6430793
11743,2020-04-26,0,basic,10.0,0,0,0.064234175,450.0,0.642341747879982,High Priority,0.64234175
12956,2020-04-30,0,basic,10.0,0,0,0.064191885,451.0,0.6419188529253006,High Priority,0.64191885
7863,2020-04-16,0,basic,9.5,0,0,0.067428865,416.0,0.6405742131173611,High Priority,0.6405742175
1772,2020-04-22,0,basic,9.5,0,0,0.0671345,421.0,0.6377777457237244,High Priority,0.63777775
8494,2020-05-05,0,basic,9.0,0,0,0.07053433,384.0,0.6348090022802353,High Priority,0.63480897
855,2020-04-15,0,basic,10.0,0,0,0.063378766,457.0,0.6337876617908478,High Priority,0.6337876600000001
9826,2020-05-03,0,basic,10.0,0,1,0.06332836,458.0,0.6332836300134659,High Priority,0.6332836
3721,2020-05-02,0,basic,10.0,0,0,0.06320833,459.0,0.6320832669734955,High Priority,0.6320832999999999
12542,2020-05-06,0,basic,10.0,0,0,0.063145265,461.0,0.6314526498317719,High Priority,0.6314526500000001
3520,2020-05-02,0,basic,10.0,0,0,0.06308129,462.0,0.630812868475914,High Priority,0.6308129
9408,2020-05-03,0,basic,10.0,0,1,0.06283001,467.0,0.6283000856637955,High Priority,0.6283001
3303,2020-04-30,0,basic,10.0,0,0,0.06253535,470.0,0.625353530049324,High Priority,0.6253535
12088,2020-04-30,0,basic,9.5,0,0,0.06572478,436.0,0.6243854351341724,High Priority,0.6243854099999999
10452,2020-05-01,0,basic,10.0,0,0,0.0623836,472.0,0.6238359957933426,High Priority,0.623836
7092,2020-04-23,0,basic,9.0,0,0,0.06931176,395.0,0.6238058432936668,High Priority,0.62380584
12530,2020-04-28,1,basic,10.0,0,0,0.06230687,473.0,0.6230686977505684,High Priority,0.6230687
10370,2020-04-30,0,basic,9.5,0,0,0.06547268,439.0,0.6219904348254204,High Priority,0.62199046
1235,2020-05-05,0,basic,10.0,0,0,0.06202237,476.0,0.620223693549633,High Priority,0.6202237
9731,2020-04-25,0,basic,10.0,0,0,0.0619928,478.0,0.6199280172586441,High Priority,0.619928
765,2020-05-09,0,basic,9.5,0,0,0.06515122,442.0,0.6189366094768047,High Priority,0.61893659
10194,2020-04-29,0,basic,9.0,0,0,0.068717055,398.0,0.6184534952044487,High Priority,0.618453495
1700,2020-04-13,0,basic,10.0,0,0,0.06180938,479.0,0.6180937960743904,High Priority,0.6180938
8695,2020-05-10,0,basic,9.0,0,0,0.0685825,400.0,0.6172424778342247,High Priority,0.6172425
6324,2020-05-03,0,basic,10.0,0,0,0.06168449,481.0,0.616844892501831,High Priority,0.6168449
2412,2020-04-27,0,basic,10.0,0,0,0.061630882,483.0,0.6163088232278824,High Priority,0.61630882
6961,2020-04-16,0,basic,9.5,0,0,0.06467015,444.0,0.614366453140974,High Priority,0.6143664249999999
11013,2020-04-17,0,basic,10.0,0,0,0.061348822,489.0,0.613488219678402,High Priority,0.61348822
11863,2020-04-22,0,basic,9.5,0,0,0.06440537,447.0,0.6118509843945503,High Priority,0.611851015
9190,2020-05-06,0,basic,9.0,0,0,0.06778654,410.0,0.6100788339972496,High Priority,0.61007886
10603,2020-05-07,0,basic,10.0,0,0,0.060930125,493.0,0.6093012541532516,High Priority,0.60930125
11418,2020-04-28,0,basic,10.0,0,0,0.06086563,495.0,0.6086562946438789,High Priority,0.6086562999999999
11702,2020-05-02,0,basic,10.0,0,0,0.06037142,500.0,0.6037142127752304,High Priority,0.6037142
1395,2020-04-22,0,basic,9.0,0,0,0.06705576,423.0,0.6035018563270569,High Priority,0.6035018400000001
250,2020-04-28,0,basic,10.0,0,0,0.060326733,501.0,0.6032673269510269,High Priority,0.60326733
4041,2020-05-03,0,basic,10.0,0,0,0.06004655,503.0,0.6004654988646507,High Priority,0.6004655
7265,2020-05-07,0,basic,9.5,0,0,0.06298573,465.0,0.5983644649386406,High Priority,0.598364435
6374,2020-04-23,0,basic,9.5,0,0,0.06285108,466.0,0.5970852486789227,High Priority,0.5970852600000001
8861,2020-05-06,0,basic,9.5,0,0,0.06263028,469.0,0.5949876680970192,High Priority,0.5949876599999999
8454,2020-04-13,0,basic,10.0,0,0,0.059433475,513.0,0.594334751367569,High Priority,0.59433475
131,2020-05-03,0,basic,10.0,0,0,0.059099995,517.0,0.5909999459981918,High Priority,0.59099995
8333,2020-04-18,0,basic,10.0,0,0,0.059029624,518.0,0.5902962386608124,High Priority,0.59029624
11991,2020-04-26,0,basic,9.0,0,0,0.065571636,437.0,0.5901447236537933,High Priority,0.5901447240000001
9135,2020-04-21,0,basic,10.0,0,0,0.05901244,519.0,0.5901243910193443,High Priority,0.5901244
6934,2020-04-27,0,basic,10.0,0,0,0.05885665,522.0,0.5885665118694305,High Priority,0.5885665
10295,2020-05-07,0,basic,9.0,0,0,0.065351225,440.0,0.5881610289216042,High Priority,0.588161025
6334,2020-04-25,0,basic,10.0,0,0,0.05877852,524.0,0.5877852067351341,High Priority,0.5877852
9422,2020-04-25,0,basic,10.0,0,0,0.05875424,525.0,0.5875423923134804,High Priority,0.5875424
4882,2020-04-23,0,basic,9.5,0,0,0.061738785,480.0,0.5865184608846903,High Priority,0.5865184575
2424,2020-05-04,0,basic,10.0,0,0,0.05857944,528.0,0.5857944115996361,High Priority,0.5857944
1213,2020-04-16,0,basic,10.0,0,0,0.058493253,532.0,0.5849325284361839,High Priority,0.58493253
9790,2020-05-10,0,basic,9.0,0,0,0.06498307,443.0,0.584847629070282,High Priority,0.5848476300000001
12156,2020-04-26,0,basic,10.0,0,0,0.058421757,535.0,0.5842175707221031,High Priority,0.58421757
381,2020-04-13,0,basic,9.5,0,0,0.06148046,487.0,0.5840643588453531,High Priority,0.58406437
7214,2020-04-26,0,basic,10.0,0,0,0.05830085,536.0,0.5830084905028343,High Priority,0.5830085
10340,2020-04-30,0,basic,10.0,0,0,0.058168445,537.0,0.581684447824955,High Priority,0.58168445
7152,2020-04-12,0,basic,10.0,0,0,0.05810124,539.0,0.5810124054551125,High Priority,0.5810124
10041,2020-04-24,0,basic,10.0,0,0,0.058081005,540.0,0.5808100476861,High Priority,0.58081005
10124,2020-05-01,0,basic,10.0,0,0,0.058072776,541.0,0.580727756023407,High Priority,0.58072776
8383,2020-04-12,0,basic,9.5,0,0,0.061035834,491.0,0.579840425401926,High Priority,0.5798404229999999
2084,2020-05-03,0,basic,9.5,0,0,0.060989622,492.0,0.579401409253478,High Priority,0.579401409
12488,2020-05-10,0,basic,9.5,0,0,0.060887787,494.0,0.5784339811652899,High Priority,0.5784339765
6070,2020-05-08,0,basic,9.5,0,0,0.06071891,498.0,0.5768296346068382,High Priority,0.576829645
7192,2020-05-04,0,basic,9.0,0,0,0.06407941,452.0,0.5767147019505501,High Priority,0.57671469
11044,2020-05-08,0,basic,10.0,0,0,0.05736177,547.0,0.5736177042126656,High Priority,0.5736177
6151,2020-04-29,0,basic,10.0,0,0,0.057167213,550.0,0.5716721341013908,High Priority,0.5716721300000001
11856,2020-05-01,0,basic,10.0,0,0,0.057026815,553.0,0.5702681466937065,High Priority,0.57026815
8381,2020-04-23,0,basic,9.5,0,0,0.059952557,504.0,0.5695492923259735,High Priority,0.5695492915
1441,2020-04-12,1,basic,10.0,0,0,0.056892116,554.0,0.5689211562275887,High Priority,0.56892116
8323,2020-04-22,0,basic,10.0,0,0,0.056884952,555.0,0.5688495188951492,High Priority,0.56884952
6322,2020-04-18,0,basic,10.0,0,0,0.056738302,556.0,0.5673830211162567,High Priority,0.56738302
10423,2020-05-04,0,basic,10.0,0,0,0.056613855,557.0,0.5661385506391525,High Priority,0.56613855
12685,2020-04-25,0,basic,9.5,0,0,0.059513517,511.0,0.5653784088790417,High Priority,0.5653784115
6992,2020-04-26,0,basic,9.0,0,0,0.06279224,468.0,0.5651301741600037,High Priority,0.56513016
4315,2020-04-23,0,basic,10.0,0,0,0.056467824,560.0,0.5646782368421555,High Priority,0.56467824
611,2020-04-19,0,basic,10.0,0,0,0.05638483,562.0,0.5638483166694641,High Priority,0.5638483
3762,2020-05-06,0,basic,9.5,0,0,0.05926436,516.0,0.5630114376544952,High Priority,0.56301142
10846,2020-04-14,0,basic,10.0,0,1,0.056294963,564.0,0.5629496276378632,High Priority,0.5629496300000001
13251,2020-05-03,0,basic,10.0,0,0,0.05618513,566.0,0.5618513002991676,High Priority,0.5618513
9781,2020-05-05,0,basic,9.5,0,0,0.058994513,520.0,0.5604478735476732,High Priority,0.5604478735
2446,2020-04-27,0,basic,10.0,0,1,0.055940993,568.0,0.5594099313020706,High Priority,0.55940993
11287,2020-05-05,0,basic,9.5,0,0,0.058810268,523.0,0.5586975421756506,High Priority,0.558697546
5995,2020-04-18,0,basic,9.0,0,0,0.0620762,475.0,0.5586857981979847,High Priority,0.5586858
10645,2020-05-10,0,basic,10.0,0,0,0.05585223,571.0,0.5585223063826561,High Priority,0.5585223
9231,2020-04-18,0,basic,10.0,0,0,0.055799406,574.0,0.5579940602183342,High Priority,0.5579940600000001
12068,2020-04-26,0,basic,9.5,0,0,0.058640115,526.0,0.5570810921490192,High Priority,0.5570810925
8281,2020-05-06,0,basic,9.5,0,0,0.05861268,527.0,0.5568204429000616,High Priority,0.55682046
7120,2020-04-28,0,basic,10.0,0,0,0.055674642,577.0,0.5567464232444763,High Priority,0.5567464200000001
1530,2020-04-19,0,basic,10.0,0,0,0.05566254,578.0,0.5566253885626793,High Priority,0.5566254
11460,2020-05-06,0,basic,9.5,0,0,0.058575403,529.0,0.5564663279801607,High Priority,0.5564663285
11193,2020-04-12,1,basic,9.0,0,0,0.061680403,482.0,0.5551236234605312,High Priority,0.5551236270000001
11960,2020-04-21,0,basic,9.5,0,0,0.0584325,534.0,0.5551087576895952,High Priority,0.55510875
3333,2020-04-21,0,basic,10.0,0,0,0.05522654,585.0,0.5522653833031654,High Priority,0.5522654
13023,2020-04-25,0,basic,10.0,0,0,0.05520926,586.0,0.5520926043391228,High Priority,0.5520926
5192,2020-05-05,0,basic,9.0,0,0,0.06125454,490.0,0.5512908473610878,High Priority,0.55129086
2154,2020-04-14,0,basic,10.0,0,0,0.05507478,589.0,0.550747811794281,High Priority,0.5507478
5902,2020-05-09,0,basic,10.0,0,0,0.055065848,590.0,0.5506584793329239,High Priority,0.5506584800000001
1631,2020-04-15,1,basic,10.0,0,0,0.05503608,591.0,0.5503607913851738,High Priority,0.5503608
11544,2020-04-11,0,basic,10.0,0,0,0.054985315,592.0,0.5498531460762024,High Priority,0.54985315
2205,2020-04-24,0,basic,10.0,0,0,0.054967698,593.0,0.5496769770979881,High Priority,0.54967698
7810,2020-04-22,0,basic,10.0,0,0,0.054916237,594.0,0.5491623654961586,High Priority,0.54916237
3730,2020-04-19,0,basic,10.0,0,0,0.054879684,595.0,0.5487968400120735,High Priority,0.54879684
9804,2020-05-08,0,basic,10.0,0,0,0.054876335,596.0,0.5487633496522903,High Priority,0.54876335
1164,2020-05-10,0,basic,9.5,0,0,0.057738643,542.0,0.5485171098262072,High Priority,0.5485171085
22,2020-04-23,0,basic,10.0,0,0,0.05482957,597.0,0.5482957139611244,High Priority,0.5482957
4805,2020-04-30,0,basic,10.0,0,0,0.054571472,602.0,0.545714721083641,High Priority,0.54571472
11854,2020-04-24,0,basic,10.0,0,0,0.054477643,604.0,0.5447764322161674,High Priority,0.54477643
2804,2020-04-11,0,basic,10.0,0,0,0.054419238,607.0,0.5441923812031746,High Priority,0.54419238
11632,2020-05-03,0,basic,10.0,0,0,0.05437874,608.0,0.5437874048948288,High Priority,0.5437874
4795,2020-04-28,0,basic,9.0,0,0,0.059933588,505.0,0.5394022911787033,High Priority,0.539402292
3492,2020-04-30,0,basic,9.0,0,0,0.059887502,507.0,0.5389875210821629,High Priority,0.538987518
11652,2020-04-14,0,basic,10.0,0,0,0.053885978,617.0,0.5388597771525383,High Priority,0.53885978
9894,2020-04-21,0,basic,9.0,0,0,0.0598512,508.0,0.5386607944965363,High Priority,0.5386608
9432,2020-04-25,0,basic,10.0,0,0,0.053755254,619.0,0.537552535533905,High Priority,0.5375525400000001
10398,2020-04-18,1,basic,9.0,0,1,0.059659917,510.0,0.5369392521679401,High Priority,0.536939253
9685,2020-04-25,0,basic,9.5,0,0,0.056454923,561.0,0.5363217685371637,High Priority,0.5363217685
11510,2020-05-04,0,basic,10.0,0,0,0.05344913,621.0,0.5344913154840469,High Priority,0.5344913
7850,2020-04-27,0,basic,10.0,0,0,0.053327523,624.0,0.533275231719017,High Priority,0.53327523
8163,2020-05-02,0,basic,9.5,0,0,0.0559735,567.0,0.5317482501268387,High Priority,0.53174825
4073,2020-05-07,0,basic,9.5,0,0,0.0558884,570.0,0.5309397950768471,High Priority,0.5309398
9405,2020-04-23,0,basic,10.0,0,0,0.053076584,628.0,0.5307658389210701,High Priority,0.53076584
5545,2020-04-21,0,basic,10.0,0,0,0.052971285,630.0,0.5297128483653069,High Priority,0.52971285
5761,2020-05-02,0,basic,9.5,0,0,0.05575778,575.0,0.5296989064663649,High Priority,0.52969891
10954,2020-05-02,0,basic,10.0,0,0,0.052922156,631.0,0.5292215570807457,High Priority,0.52922156
5771,2020-04-18,0,basic,9.5,0,0,0.055682477,576.0,0.5289835277944803,High Priority,0.5289835315
12628,2020-04-24,0,basic,10.0,0,0,0.052877102,632.0,0.5287710204720497,High Priority,0.52877102
310,2020-05-05,0,basic,10.0,0,0,0.052823946,633.0,0.5282394587993622,High Priority,0.52823946
3003,2020-05-06,0,basic,10.0,0,0,0.052821703,634.0,0.5282170325517654,High Priority,0.52821703
1461,2020-04-29,0,basic,9.5,0,0,0.055404756,582.0,0.5263451840728521,High Priority,0.526345182
9625,2020-04-18,0,basic,10.0,0,0,0.05219283,645.0,0.5219282954931259,High Priority,0.5219283
9942,2020-04-29,0,basic,10.0,0,0,0.05218801,646.0,0.5218800902366638,High Priority,0.5218801
4032,2020-04-25,0,basic,10.0,0,0,0.05214889,648.0,0.5214888975024223,High Priority,0.5214889
3855,2020-04-16,0,basic,10.0,0,0,0.052092284,649.0,0.520922839641571,High Priority,0.52092284
684,2020-04-22,0,basic,9.5,0,0,0.054807436,598.0,0.5206706393510103,High Priority,0.520670642
305,2020-04-16,0,basic,10.0,0,0,0.051937334,653.0,0.5193733423948288,High Priority,0.51937334
10650,2020-04-18,1,basic,10.0,0,0,0.05186645,654.0,0.5186644941568375,High Priority,0.5186645
6361,2020-05-05,0,basic,9.5,0,0,0.0545725,601.0,0.5184387527406216,High Priority,0.5184387500000001
13116,2020-05-09,0,basic,10.0,0,0,0.051759753,655.0,0.517597533762455,High Priority,0.51759753
3584,2020-04-22,0,basic,9.5,0,0,0.054453813,606.0,0.5173112191259861,High Priority,0.5173112234999999
10823,2020-04-19,0,basic,10.0,0,0,0.051719286,658.0,0.5171928554773331,High Priority,0.51719286
1412,2020-05-05,0,basic,10.0,0,0,0.051681165,659.0,0.5168116465210915,High Priority,0.51681165
3093,2020-04-28,0,basic,9.0,0,0,0.05717564,549.0,0.5145807601511478,High Priority,0.51458076
11873,2020-05-02,0,basic,9.5,0,0,0.054139305,612.0,0.5143233966082335,High Priority,0.5143233975
6094,2020-04-27,0,basic,9.0,0,0,0.057035178,552.0,0.5133166015148163,High Priority,0.513316602
2603,2020-05-10,0,basic,10.0,0,0,0.051299714,665.0,0.5129971355199814,High Priority,0.5129971400000001
1020,2020-05-05,0,basic,10.0,0,0,0.05127113,666.0,0.5127112939953804,High Priority,0.5127113
10520,2020-04-14,0,basic,10.0,0,0,0.051080048,668.0,0.5108004808425903,High Priority,0.51080048
6120,2020-04-14,0,basic,10.0,0,0,0.051029406,670.0,0.5102940648794174,High Priority,0.51029406
5510,2020-04-18,1,basic,10.0,0,0,0.0509869,671.0,0.5098690092563629,High Priority,0.509869
2001,2020-04-14,0,basic,10.0,0,0,0.050937027,673.0,0.5093702673912048,High Priority,0.50937027
7903,2020-04-28,0,basic,10.0,0,0,0.050900802,675.0,0.5090080201625824,High Priority,0.50900802
2085,2020-05-02,0,basic,9.5,0,0,0.05349056,620.0,0.5081603247672319,High Priority,0.50816032
9113,2020-04-28,1,basic,10.0,0,0,0.050811425,679.0,0.5081142485141754,High Priority,0.50811425
4453,2020-04-27,0,basic,10.0,0,0,0.05076079,681.0,0.5076079070568085,High Priority,0.5076079
193,2020-04-15,0,basic,9.0,0,0,0.056314167,563.0,0.506827499717474,High Priority,0.506827503
10755,2020-05-08,0,basic,10.0,0,0,0.05066683,684.0,0.5066683143377304,High Priority,0.5066683000000001
10753,2020-04-21,0,basic,10.0,0,0,0.0506279,685.0,0.5062789842486382,High Priority,0.506279
6373,2020-05-08,0,basic,9.5,0,0,0.0532708,626.0,0.5060725826770067,High Priority,0.5060726
10730,2020-04-13,0,basic,10.0,0,0,0.050595332,686.0,0.5059533193707466,High Priority,0.50595332
3682,2020-05-09,0,basic,9.5,0,0,0.05323093,627.0,0.5056938361376524,High Priority,0.505693835
1902,2020-04-25,0,basic,10.0,0,0,0.050473146,691.0,0.5047314614057541,High Priority,0.50473146
9932,2020-04-21,0,basic,10.0,0,0,0.050448917,692.0,0.5044891685247421,High Priority,0.50448917
5752,2020-05-10,0,basic,10.0,0,0,0.050440706,693.0,0.504407063126564,High Priority,0.50440706
8064,2020-05-01,0,basic,9.5,0,0,0.05299322,629.0,0.5034355837851763,High Priority,0.50343559
5835,2020-05-05,0,basic,10.0,0,0,0.05029804,696.0,0.5029803887009621,High Priority,0.5029804
6343,2020-05-05,0,basic,10.0,0,0,0.05025725,698.0,0.5025725066661835,High Priority,0.5025725000000001
3420,2020-05-01,0,basic,10.0,0,0,0.05019347,699.0,0.5019346997141838,High Priority,0.5019347
71,2020-05-06,0,basic,9.5,0,0,0.05268438,636.0,0.5005016252398491,High Priority,0.50050161
9171,2020-04-20,0,basic,9.5,0,0,0.0525359,639.0,0.4990910403430462,High Priority,0.49909105000000004
11931,2020-04-29,0,basic,10.0,0,0,0.049897984,707.0,0.4989798367023468,High Priority,0.49897984
6757,2020-04-11,0,basic,10.0,0,1,0.049850006,709.0,0.4985000565648079,High Priority,0.49850006
4095,2020-05-07,0,basic,9.0,0,0,0.05537951,583.0,0.4984155893325805,High Priority,0.49841559
2713,2020-04-21,0,basic,10.0,0,0,0.049767856,712.0,0.497678555548191,High Priority,0.49767856
9990,2020-04-20,0,basic,9.0,0,0,0.055179566,587.0,0.4966160953044891,High Priority,0.496616094
7262,2020-04-23,0,basic,9.5,0,0,0.052211825,644.0,0.4960123356431722,High Priority,0.4960123375
11436,2020-04-29,0,basic,10.0,0,0,0.049594678,718.0,0.4959467798471451,High Priority,0.49594678000000003
11474,2020-04-16,0,basic,9.5,0,0,0.052070074,650.0,0.4946657009422779,High Priority,0.494665703
12312,2020-05-02,0,basic,10.0,0,0,0.04923125,722.0,0.4923124983906746,High Priority,0.4923125
10545,2020-04-20,0,basic,10.0,0,0,0.04921756,723.0,0.4921755939722061,High Priority,0.4921756
8550,2020-04-23,0,basic,10.0,0,0,0.049207043,725.0,0.4920704290270805,High Priority,0.49207043
5931,2020-05-05,0,basic,10.0,0,0,0.049203876,726.0,0.4920387640595436,High Priority,0.49203876
11955,2020-04-25,0,basic,10.0,0,0,0.04918924,727.0,0.491892397403717,High Priority,0.4918924
11134,2020-04-19,0,basic,10.0,0,0,0.049131148,728.0,0.4913114756345749,High Priority,0.49131148
9755,2020-05-08,0,basic,10.0,0,0,0.04912503,729.0,0.4912503063678741,High Priority,0.49125030000000003
10097,2020-04-20,0,basic,9.0,0,1,0.054503433,603.0,0.4905309006571769,High Priority,0.49053089699999997
9031,2020-04-18,0,basic,10.0,0,0,0.048995856,732.0,0.4899585619568825,High Priority,0.48995856
10501,2020-04-22,0,basic,10.0,0,0,0.048977632,733.0,0.4897763207554817,High Priority,0.48977632
450,2020-05-04,0,basic,10.0,0,0,0.048913307,735.0,0.4891330748796463,High Priority,0.48913307000000006
11282,2020-05-06,0,basic,9.5,0,0,0.0511672,667.0,0.4860884118825197,High Priority,0.48608840000000003
5322,2020-05-02,0,basic,10.0,0,0,0.04857421,743.0,0.4857420921325683,High Priority,0.4857421
12125,2020-04-26,0,basic,10.0,0,0,0.04847373,744.0,0.4847373068332672,High Priority,0.4847373
5910,2020-04-23,0,basic,10.0,0,0,0.048363715,749.0,0.4836371541023254,High Priority,0.48363715
7300,2020-04-22,1,basic,10.0,0,0,0.048299804,750.0,0.4829980432987213,High Priority,0.48299804
9173,2020-04-26,0,basic,9.5,0,0,0.050825838,677.0,0.4828454609960317,High Priority,0.482845461
2672,2020-04-17,0,basic,9.5,0,0,0.050748155,682.0,0.4821074679493904,High Priority,0.4821074725
10793,2020-04-11,0,basic,9.0,0,0,0.05333891,623.0,0.4800502024590969,High Priority,0.48005019000000004
6454,2020-05-03,0,basic,10.0,0,0,0.047955118,756.0,0.4795511811971664,High Priority,0.47955117999999997
5915,2020-04-23,0,basic,10.0,0,0,0.047951747,757.0,0.4795174673199653,High Priority,0.47951747
744,2020-04-26,0,basic,10.0,0,0,0.047935616,758.0,0.4793561622500419,High Priority,0.47935616000000003
8045,2020-05-01,0,basic,10.0,0,0,0.04790932,759.0,0.4790931940078735,High Priority,0.4790932
6774,2020-04-26,0,basic,9.5,0,0,0.050406996,694.0,0.4788664635270834,High Priority,0.47886646200000005
5782,2020-04-22,0,basic,9.5,0,0,0.05031983,695.0,0.478038402274251,High Priority,0.478038385
10538,2020-04-26,0,basic,10.0,0,1,0.047597967,765.0,0.475979670882225,High Priority,0.47597966999999997
4727,2020-04-11,0,basic,10.0,0,1,0.04758733,766.0,0.4758733138442039,High Priority,0.47587329999999994
10385,2020-05-05,0,basic,9.5,0,0,0.050074086,700.0,0.4757038131356239,High Priority,0.475703817
6781,2020-04-14,0,basic,9.5,0,0,0.050057214,701.0,0.4755435306578874,High Priority,0.475543533
5045,2020-04-12,0,basic,10.0,0,0,0.04752568,768.0,0.4752568155527115,High Priority,0.47525680000000003
2421,2020-04-15,0,basic,10.0,0,0,0.04734765,772.0,0.4734764993190765,High Priority,0.47347649999999997
520,2020-04-29,0,basic,10.0,0,0,0.047321517,773.0,0.4732151702046394,High Priority,0.47321517
11693,2020-05-03,0,basic,9.0,0,0,0.05255199,638.0,0.4729678966104984,High Priority,0.47296791
10364,2020-04-15,0,basic,9.5,0,0,0.049782775,711.0,0.4729363657534122,High Priority,0.47293636250000004
6773,2020-05-05,0,basic,9.5,0,0,0.049645044,715.0,0.4716279171407223,High Priority,0.471627918
4264,2020-04-21,0,basic,9.5,0,0,0.049603634,716.0,0.4712345190346241,High Priority,0.471234523
7274,2020-04-18,0,basic,9.5,0,0,0.04960035,717.0,0.4712033402174711,High Priority,0.471203325
8485,2020-05-03,0,basic,9.5,0,0,0.049398374,720.0,0.469284551218152,High Priority,0.469284553
50,2020-05-10,0,basic,10.0,0,0,0.04690821,775.0,0.4690821096301079,High Priority,0.4690821
5711,2020-04-23,0,basic,10.0,0,0,0.046755288,778.0,0.4675528779625892,High Priority,0.46755288
9824,2020-04-30,0,basic,10.0,0,0,0.046700582,779.0,0.4670058190822601,High Priority,0.46700581999999996
10940,2020-04-17,0,basic,10.0,0,0,0.046633586,782.0,0.4663358628749847,High Priority,0.46633586
6675,2020-04-14,0,basic,9.5,0,0,0.049063202,730.0,0.4661004189401865,High Priority,0.466100419
7685,2020-05-06,0,basic,9.5,0,0,0.048963863,734.0,0.465156702324748,High Priority,0.4651566985
8653,2020-04-19,0,basic,10.0,0,0,0.046509705,787.0,0.4650970548391342,High Priority,0.46509705
3465,2020-04-17,0,basic,9.5,0,0,0.048875466,736.0,0.4643169268965721,High Priority,0.464316927
6763,2020-04-17,0,basic,9.5,0,0,0.048850387,737.0,0.4640786796808243,High Priority,0.4640786765
3497,2020-05-05,0,basic,9.0,0,1,0.051392935,664.0,0.4625364169478416,High Priority,0.462536415
11481,2020-05-02,0,basic,9.5,0,0,0.048678193,741.0,0.4624428357928991,High Priority,0.46244283350000004
5722,2020-04-21,0,basic,10.0,0,0,0.046242066,789.0,0.4624206572771072,High Priority,0.46242066
2964,2020-04-28,0,basic,9.5,0,0,0.048672777,742.0,0.4623913783580065,High Priority,0.46239138150000003
8824,2020-04-11,0,basic,10.0,0,0,0.046199255,792.0,0.461992546916008,High Priority,0.46199255
8931,2020-05-07,0,basic,10.0,0,0,0.046161577,793.0,0.4616157710552215,High Priority,0.46161577000000004
1102,2020-05-10,0,basic,10.0,0,0,0.04603268,795.0,0.4603267833590507,High Priority,0.4603268
7923,2020-04-17,0,basic,10.0,0,0,0.046022523,796.0,0.4602252319455147,High Priority,0.46022523000000004
11380,2020-05-01,0,basic,9.5,0,0,0.04838111,745.0,0.4596205335110426,High Priority,0.459620545
8984,2020-04-28,0,basic,9.5,0,0,0.04837019,747.0,0.459516804665327,High Priority,0.45951680500000003
9225,2020-05-01,0,basic,10.0,0,0,0.045911495,799.0,0.4591149464249611,High Priority,0.45911494999999997
11972,2020-04-21,1,basic,9.5,0,0,0.0482953,751.0,0.4588053543120622,High Priority,0.45880535
3555,2020-04-14,0,basic,10.0,0,0,0.045839164,803.0,0.4583916440606117,High Priority,0.45839164
6700,2020-05-02,0,basic,10.0,0,0,0.045825336,804.0,0.4582533612847328,High Priority,0.45825336
11616,2020-05-02,0,basic,10.0,0,0,0.045752857,805.0,0.457528568804264,High Priority,0.45752857
90,2020-04-13,0,basic,9.0,0,0,0.050815508,678.0,0.4573395699262619,High Priority,0.457339572
9342,2020-04-12,0,basic,10.0,0,0,0.045690004,809.0,0.4569000378251076,High Priority,0.45690004
11952,2020-04-16,0,basic,10.0,0,0,0.04567088,810.0,0.4567087814211845,High Priority,0.45670879999999997
4715,2020-04-30,0,basic,10.0,0,0,0.04561238,812.0,0.456123799085617,High Priority,0.4561238
12637,2020-04-25,0,basic,10.0,0,0,0.04558411,813.0,0.4558410868048668,High Priority,0.4558411
11242,2020-04-25,0,basic,10.0,0,0,0.045489404,814.0,0.4548940435051918,High Priority,0.45489404
8854,2020-05-08,0,basic,10.0,0,0,0.045480184,815.0,0.4548018425703048,High Priority,0.45480184
10330,2020-05-01,0,basic,10.0,0,0,0.04547181,816.0,0.4547180980443954,High Priority,0.4547181
12844,2020-05-03,0,basic,10.0,0,0,0.04541819,818.0,0.4541819170117378,High Priority,0.45418189999999997
10931,2020-04-22,0,basic,10.0,0,0,0.045364123,820.0,0.453641228377819,High Priority,0.45364123
6350,2020-04-28,0,basic,10.0,0,0,0.045348153,821.0,0.453481525182724,High Priority,0.45348153
8125,2020-04-13,0,basic,10.0,0,0,0.045286965,823.0,0.4528696462512016,High Priority,0.45286965
5585,2020-05-06,0,basic,9.5,0,0,0.047653314,761.0,0.4527064803987741,High Priority,0.45270648300000005
4870,2020-04-26,0,basic,9.5,0,0,0.047649644,762.0,0.4526716209948063,High Priority,0.452671618
10570,2020-04-11,0,basic,9.5,0,0,0.047613837,763.0,0.4523314498364925,High Priority,0.4523314515
11165,2020-04-25,0,basic,9.5,0,0,0.04754348,767.0,0.4516630694270134,High Priority,0.45166306
5032,2020-05-06,0,basic,10.0,0,0,0.045165237,826.0,0.4516523703932762,High Priority,0.45165236999999997
11888,2020-05-07,0,basic,9.5,0,0,0.047518212,769.0,0.4514230173081159,High Priority,0.45142301399999996
345,2020-05-10,0,basic,10.0,0,0,0.044948857,832.0,0.4494885727763176,High Priority,0.44948857000000003
4240,2020-04-15,0,basic,10.0,0,0,0.044931,833.0,0.4493099823594093,High Priority,0.44931
8932,2020-05-01,0,basic,10.0,0,0,0.044924993,835.0,0.4492499306797981,High Priority,0.44924993
6782,2020-04-14,0,basic,9.5,0,0,0.04713963,774.0,0.4478264823555946,High Priority,0.447826485
11516,2020-05-02,0,basic,10.0,0,0,0.044781525,837.0,0.4478152468800545,High Priority,0.44781525
11956,2020-05-07,0,basic,10.0,0,0,0.044576805,843.0,0.4457680508494377,High Priority,0.44576804999999997
8782,2020-05-05,0,basic,9.5,0,0,0.046779137,776.0,0.4444018024951219,High Priority,0.44440180149999997
12314,2020-04-25,0,basic,10.0,0,0,0.04443206,847.0,0.4443205893039703,High Priority,0.4443206
5798,2020-04-13,0,basic,9.0,0,1,0.04936629,721.0,0.4442966245114803,High Priority,0.44429661
925,2020-04-21,0,basic,10.0,0,0,0.044364974,850.0,0.4436497390270233,High Priority,0.44364974
2211,2020-04-17,0,basic,10.0,0,0,0.04429014,852.0,0.4429014027118683,High Priority,0.4429014
11261,2020-05-08,0,basic,9.5,0,0,0.046603862,784.0,0.4427366908639669,High Priority,0.442736689
10684,2020-04-18,0,basic,9.5,0,0,0.04654447,786.0,0.4421724639832973,High Priority,0.44217246499999996
6054,2020-04-30,0,basic,10.0,0,0,0.04421506,854.0,0.4421506077051162,High Priority,0.4421506
2112,2020-05-06,0,basic,10.0,0,0,0.044214856,855.0,0.4421485587954521,High Priority,0.44214855999999997
4535,2020-04-23,1,basic,10.0,0,0,0.044214517,856.0,0.4421451687812805,High Priority,0.44214517000000003
10595,2020-04-13,0,basic,9.0,0,0,0.049022943,731.0,0.4412064850330353,High Priority,0.441206487
11837,2020-04-14,1,basic,10.0,0,0,0.044043258,860.0,0.4404325783252716,High Priority,0.44043258
7384,2020-05-10,0,basic,9.5,0,0,0.046330042,788.0,0.4401354007422924,High Priority,0.44013539900000004
11570,2020-04-23,0,basic,9.5,0,0,0.04623934,790.0,0.4392737187445164,High Priority,0.43927373
9733,2020-04-15,0,basic,10.0,0,0,0.04382695,866.0,0.4382694885134697,High Priority,0.43826950000000003
5831,2020-05-02,0,basic,10.0,0,0,0.043802507,869.0,0.4380250722169876,High Priority,0.43802506999999996
612,2020-05-08,0,basic,10.0,0,0,0.043795448,871.0,0.4379544779658317,High Priority,0.43795448000000003
11752,2020-05-04,0,basic,10.0,0,0,0.043775562,872.0,0.4377556219696998,High Priority,0.43775561999999996
484,2020-04-23,0,basic,9.5,0,0,0.046003956,797.0,0.4370375853031873,High Priority,0.437037582
1052,2020-04-13,0,basic,10.0,0,0,0.043663006,876.0,0.4366300627589226,High Priority,0.43663006
11507,2020-05-07,0,basic,10.0,0,0,0.043569364,878.0,0.4356936365365982,High Priority,0.43569364
7270,2020-04-16,0,basic,9.5,0,0,0.045858294,801.0,0.4356537908315658,High Priority,0.435653793
9961,2020-04-17,0,basic,9.5,0,0,0.04584387,802.0,0.4355167597532272,High Priority,0.43551676500000003
12744,2020-05-02,0,basic,10.0,0,0,0.043535963,880.0,0.4353596270084381,High Priority,0.43535963
9993,2020-04-23,0,basic,9.0,0,0,0.04836953,748.0,0.435325775295496,High Priority,0.43532577
8132,2020-04-11,0,basic,10.0,0,0,0.043519188,881.0,0.4351918771862983,High Priority,0.43519188
7930,2020-05-05,0,basic,10.0,0,0,0.043508876,882.0,0.4350887611508369,High Priority,0.43508876
9170,2020-04-11,0,basic,9.5,0,0,0.045704313,808.0,0.4341909699141979,High Priority,0.4341909735
10621,2020-04-11,0,basic,10.0,0,0,0.04341127,885.0,0.4341126978397369,High Priority,0.4341127
10170,2020-05-05,0,basic,9.5,0,0,0.045647424,811.0,0.4336505252867937,High Priority,0.433650528
215,2020-05-03,0,basic,10.0,0,0,0.04336399,887.0,0.4336398839950561,High Priority,0.43363989999999997
8950,2020-04-11,0,basic,10.0,0,0,0.043220665,894.0,0.4322066530585289,High Priority,0.43220664999999997
7503,2020-05-07,0,basic,10.0,0,0,0.04315884,897.0,0.4315884038805961,High Priority,0.4315884
9622,2020-05-04,0,basic,10.0,0,0,0.043137413,898.0,0.4313741251826286,High Priority,0.43137413
10387,2020-04-17,0,basic,9.5,0,1,0.04530301,822.0,0.4303785897791385,High Priority,0.430378595
1351,2020-04-12,0,basic,10.0,0,0,0.042977758,905.0,0.4297775775194168,High Priority,0.42977758
10930,2020-04-13,0,basic,10.0,0,0,0.042970855,907.0,0.4297085478901863,High Priority,0.42970855
10464,2020-04-26,0,basic,9.5,0,0,0.04521939,824.0,0.4295842200517654,High Priority,0.429584205
6840,2020-04-26,0,basic,10.0,0,0,0.042949006,908.0,0.4294900596141815,High Priority,0.42949006
7253,2020-04-19,0,basic,10.0,0,0,0.04291496,910.0,0.4291496053338051,High Priority,0.4291496
3073,2020-04-24,0,basic,9.5,0,0,0.04516959,825.0,0.4291110876947641,High Priority,0.42911110500000005
833,2020-05-01,0,basic,10.0,0,0,0.04289918,913.0,0.4289918020367622,High Priority,0.42899180000000003
3875,2020-05-08,0,basic,9.5,0,0,0.045131236,828.0,0.4287467449903488,High Priority,0.42874674199999996
7264,2020-05-06,0,basic,9.5,0,0,0.045124866,830.0,0.4286862276494503,High Priority,0.428686227
6653,2020-04-29,0,basic,10.0,0,0,0.0428485,916.0,0.4284850135445595,High Priority,0.428485
2623,2020-04-19,0,basic,10.0,0,0,0.042767845,918.0,0.4276784509420395,High Priority,0.42767845
9243,2020-05-05,0,basic,10.0,0,0,0.042749774,919.0,0.4274977371096611,High Priority,0.42749773999999996
8920,2020-04-21,0,basic,10.0,0,0,0.042710576,921.0,0.4271057620644569,High Priority,0.42710576
7453,2020-05-07,0,basic,10.0,0,0,0.04266831,923.0,0.4266830906271934,High Priority,0.4266831
1960,2020-04-23,0,basic,9.5,0,0,0.04489363,836.0,0.4264894835650921,High Priority,0.42648948499999995
13128,2020-04-26,1,basic,10.0,0,0,0.042618476,924.0,0.4261847585439682,High Priority,0.42618476000000005
2760,2020-04-23,0,basic,9.5,0,0,0.044762723,838.0,0.4252458699047565,High Priority,0.42524586849999996
460,2020-04-23,0,basic,9.5,0,0,0.044690996,841.0,0.424564465880394,High Priority,0.424564462
11467,2020-04-11,0,basic,9.5,0,0,0.0446681,842.0,0.4243469573557377,High Priority,0.42434695
7853,2020-04-26,0,basic,10.0,0,0,0.042395107,931.0,0.4239510744810104,High Priority,0.42395107
5124,2020-05-01,0,basic,10.0,0,0,0.042249046,938.0,0.4224904626607895,High Priority,0.42249046
10910,2020-04-11,0,basic,10.0,0,0,0.042234037,939.0,0.4223403707146644,High Priority,0.42234037
11487,2020-05-09,0,basic,9.5,0,0,0.04443444,846.0,0.4221271742135286,High Priority,0.42212718
10522,2020-04-11,0,basic,10.0,0,0,0.042192664,941.0,0.4219266399741173,High Priority,0.42192663999999996
2904,2020-04-11,0,basic,10.0,0,0,0.04218192,942.0,0.4218192026019096,High Priority,0.42181919999999995
4384,2020-05-06,0,basic,9.5,0,0,0.04435786,851.0,0.4213996566832065,High Priority,0.42139967
6055,2020-04-18,0,basic,10.0,0,0,0.04203328,947.0,0.4203328117728233,High Priority,0.4203328
5194,2020-04-29,0,basic,9.0,0,0,0.046700075,780.0,0.4203006774187088,High Priority,0.420300675
3895,2020-05-10,0,basic,9.0,0,0,0.04667804,781.0,0.4201023615896702,High Priority,0.42010235999999995
5753,2020-04-29,0,basic,10.0,0,0,0.041945342,948.0,0.4194534197449684,High Priority,0.41945341999999997
1261,2020-04-12,0,basic,9.5,0,0,0.044043347,859.0,0.4184117987751961,High Priority,0.4184117965
2431,2020-04-23,0,basic,10.0,0,0,0.04174793,955.0,0.4174793139100075,High Priority,0.4174793
3184,2020-04-27,0,basic,9.5,0,0,0.043925717,861.0,0.4172943159937858,High Priority,0.4172943115
1312,2020-04-14,0,basic,10.0,0,0,0.041728087,957.0,0.4172808676958084,High Priority,0.41728086999999997
3343,2020-05-03,0,basic,10.0,0,0,0.041705497,959.0,0.4170549660921097,High Priority,0.41705497
164,2020-04-27,0,basic,9.5,0,0,0.043823052,867.0,0.4163189958781004,High Priority,0.416318994
1113,2020-04-30,0,basic,10.0,0,0,0.041558158,964.0,0.415581576526165,High Priority,0.41558158
5465,2020-05-03,0,basic,9.5,0,0,0.043730993,874.0,0.4154444318264723,High Priority,0.41544443350000004
10073,2020-05-05,0,basic,9.5,0,0,0.04371338,875.0,0.4152771066874265,High Priority,0.41527711
3165,2020-04-11,0,basic,9.5,0,0,0.043647707,877.0,0.4146532118320465,High Priority,0.41465321650000003
13148,2020-04-26,0,basic,10.0,0,0,0.041395813,970.0,0.4139581322669983,High Priority,0.41395813
9511,2020-04-23,0,basic,10.0,0,0,0.041356128,972.0,0.4135612770915031,High Priority,0.41356128
2770,2020-04-23,0,basic,9.5,0,0,0.04347918,884.0,0.4130522273480892,High Priority,0.41305221
4270,2020-05-02,0,basic,9.5,0,0,0.04339359,886.0,0.4122391007840633,High Priority,0.41223910500000005
10362,2020-04-11,1,basic,9.5,0,0,0.04335237,888.0,0.4118475075811147,High Priority,0.411847515
11200,2020-05-09,0,basic,10.0,0,0,0.041177753,975.0,0.4117775335907936,High Priority,0.41177752999999995
2070,2020-04-20,0,basic,9.5,0,0,0.043341067,889.0,0.4117401335388422,High Priority,0.41174013649999996
7493,2020-04-30,0,basic,9.0,0,0,0.045730148,806.0,0.4115713275969028,High Priority,0.41157133199999996
3893,2020-04-26,0,basic,9.0,0,0,0.045725923,807.0,0.4115333072841167,High Priority,0.411533307
10463,2020-04-30,0,basic,9.5,0,0,0.04331239,890.0,0.4114676993340254,High Priority,0.411467705
11130,2020-05-01,0,basic,10.0,0,0,0.04105791,978.0,0.4105791077017784,High Priority,0.41057910000000003
9974,2020-04-20,0,basic,9.5,0,0,0.043197308,896.0,0.4103744234889745,High Priority,0.41037442599999996
2340,2020-04-16,0,basic,10.0,0,0,0.04101504,982.0,0.4101504012942314,High Priority,0.4101504
11963,2020-05-01,0,basic,9.5,0,0,0.04311748,900.0,0.40961604565382,High Priority,0.40961606
5463,2020-04-26,0,basic,9.5,0,0,0.043093514,901.0,0.409388380125165,High Priority,0.409388383
9280,2020-04-26,0,basic,9.5,0,0,0.043045778,902.0,0.4089348893612623,High Priority,0.408934891
11,2020-05-03,0,basic,10.0,0,0,0.04089237,986.0,0.4089237004518509,High Priority,0.4089237
9903,2020-05-07,0,basic,10.0,0,0,0.04088949,987.0,0.4088949039578438,High Priority,0.4088949
1860,2020-05-01,0,basic,9.5,0,0,0.04303402,903.0,0.4088231977075338,High Priority,0.40882319
3821,2020-05-01,0,basic,10.0,0,0,0.040840223,990.0,0.4084022343158722,High Priority,0.40840223000000003
5103,2020-04-16,0,basic,10.0,0,0,0.040789746,991.0,0.4078974574804306,High Priority,0.40789746000000004
10473,2020-04-18,0,basic,9.5,0,0,0.04291841,909.0,0.4077248964458704,High Priority,0.407724895
8673,2020-04-15,0,basic,9.5,0,0,0.04288335,914.0,0.4073918387293815,High Priority,0.407391825
4050,2020-04-22,0,basic,10.0,0,0,0.040680043,996.0,0.4068004339933395,High Priority,0.40680043
10787,2020-04-18,0,basic,9.5,0,1,0.04281775,917.0,0.4067686162889004,High Priority,0.406768625
4993,2020-05-01,0,basic,9.0,0,0,0.045155976,827.0,0.4064037837088108,High Priority,0.406403784
3740,2020-05-10,0,basic,10.0,0,0,0.040604692,997.0,0.4060469195246696,High Priority,0.40604692
175,2020-05-07,0,basic,9.5,0,0,0.042708695,922.0,0.4057326018810272,High Priority,0.4057326025
4214,2020-04-13,0,basic,10.0,0,0,0.040526163,999.0,0.4052616283297539,High Priority,0.40526163
440,2020-05-06,0,basic,10.0,0,0,0.040449232,1002.0,0.4044923186302185,High Priority,0.40449232
4352,2020-04-11,0,basic,10.0,0,0,0.040385142,1004.0,0.4038514196872711,High Priority,0.40385141999999996
5075,2020-04-16,0,basic,9.5,0,0,0.04246836,927.0,0.403449434787035,High Priority,0.40344941999999995
6085,2020-05-10,0,basic,9.5,0,0,0.042420745,930.0,0.402997076511383,High Priority,0.4029970775
8410,2020-05-07,0,basic,10.0,0,0,0.040266827,1005.0,0.4026682674884796,High Priority,0.40266827
11771,2020-04-26,0,basic,9.5,0,0,0.04238139,933.0,0.40262321382761,High Priority,0.402623205
3722,2020-04-22,0,basic,10.0,0,0,0.04019938,1006.0,0.4019938036799431,High Priority,0.4019938
9943,2020-04-16,0,basic,10.0,0,0,0.04018027,1007.0,0.401802696287632,High Priority,0.40180269999999996
1990,2020-05-08,0,basic,9.0,0,0,0.044576116,844.0,0.401185043156147,High Priority,0.401185044
5592,2020-04-19,0,basic,9.0,0,0,0.044495452,845.0,0.4004590697586536,High Priority,0.400459068
10430,2020-05-06,0,basic,10.0,0,0,0.040045828,1014.0,0.40045827627182,High Priority,0.40045828
5383,2020-04-15,0,basic,9.5,0,0,0.042109206,944.0,0.4000374600291252,High Priority,0.40003745700000004
9523,2020-04-19,0,basic,10.0,0,0,0.03999944,1019.0,0.3999944031238556,High Priority,0.39999439999999997
1233,2020-04-13,0,basic,10.0,0,0,0.03985922,1025.0,0.3985922038555145,High Priority,0.3985922
301,2020-04-30,0,basic,10.0,0,0,0.03983834,1026.0,0.3983834013342857,High Priority,0.3983834
8115,2020-04-25,0,basic,10.0,0,0,0.0398323,1027.0,0.3983230143785476,High Priority,0.398323
2241,2020-04-19,0,basic,10.0,0,0,0.039828435,1028.0,0.3982843458652496,High Priority,0.39828435
2685,2020-04-17,0,basic,9.5,0,0,0.04192006,949.0,0.3982405550777912,High Priority,0.39824057
9065,2020-04-29,0,basic,9.5,0,0,0.041906774,950.0,0.3981143534183502,High Priority,0.39811435300000003
7570,2020-04-23,0,basic,9.5,0,0,0.041900706,951.0,0.3980567026883364,High Priority,0.398056707
8908,2020-05-02,0,basic,10.0,0,1,0.03978983,1029.0,0.39789829403162,High Priority,0.3978983
8542,2020-04-12,0,basic,10.0,0,0,0.03962989,1034.0,0.3962989151477813,High Priority,0.3962989
9285,2020-04-12,0,basic,9.5,0,0,0.04163317,960.0,0.3955151159316301,High Priority,0.395515115
8973,2020-04-18,0,basic,9.5,0,0,0.04163292,961.0,0.3955127447843551,High Priority,0.39551274
11990,2020-04-24,0,basic,9.0,0,0,0.04390994,862.0,0.3951894678175449,High Priority,0.39518946
6024,2020-04-12,0,basic,10.0,0,0,0.039515525,1037.0,0.3951552510261535,High Priority,0.39515525
5604,2020-04-11,0,basic,10.0,0,0,0.039513633,1038.0,0.3951363265514374,High Priority,0.39513633
7964,2020-04-13,0,basic,9.5,0,0,0.04148762,967.0,0.3941323831677437,High Priority,0.39413239
8663,2020-04-23,0,basic,9.5,0,0,0.04147719,968.0,0.3940332904458046,High Priority,0.394033305
11707,2020-05-04,0,basic,10.0,0,0,0.03937048,1043.0,0.3937048092484474,High Priority,0.39370479999999997
10284,2020-04-25,0,basic,9.5,0,0,0.041439906,969.0,0.393679104745388,High Priority,0.393679107
5723,2020-05-05,0,basic,10.0,0,0,0.039364975,1044.0,0.3936497494578361,High Priority,0.39364975
11811,2020-05-03,0,basic,10.0,0,0,0.039328646,1045.0,0.3932864591479301,High Priority,0.39328646
3630,2020-04-15,0,basic,10.0,0,0,0.03927584,1048.0,0.3927583992481231,High Priority,0.3927584
3651,2020-05-07,0,basic,10.0,0,0,0.03926082,1050.0,0.3926081955432892,High Priority,0.3926082
11051,2020-04-15,0,basic,10.0,0,0,0.03925049,1051.0,0.3925048932433128,High Priority,0.3925049
1593,2020-05-06,0,basic,9.0,0,0,0.04354058,879.0,0.3918652050197124,High Priority,0.39186522
2310,2020-04-25,0,basic,10.0,0,0,0.039159235,1056.0,0.3915923461318016,High Priority,0.39159235000000003
7984,2020-05-10,0,basic,9.5,0,0,0.04119806,974.0,0.3913815692067146,High Priority,0.39138157
6305,2020-04-24,0,basic,10.0,0,0,0.03904669,1057.0,0.3904668986797333,High Priority,0.3904669
6803,2020-04-13,0,basic,10.0,0,0,0.039042577,1058.0,0.3904257714748382,High Priority,0.39042577
11295,2020-05-03,0,basic,9.0,0,0,0.043302286,891.0,0.3897205777466297,High Priority,0.38972057400000004
873,2020-04-23,0,basic,9.5,0,0,0.041012894,983.0,0.3896224964410066,High Priority,0.389622493
2332,2020-04-23,0,basic,10.0,0,0,0.038961533,1063.0,0.3896153345704078,High Priority,0.38961533
6472,2020-05-09,0,basic,9.5,0,0,0.04097896,984.0,0.3893001265823841,High Priority,0.38930012
7891,2020-04-24,0,basic,9.0,0,0,0.04323097,893.0,0.3890787251293659,High Priority,0.38907873
11814,2020-04-28,0,basic,10.0,0,0,0.038811292,1067.0,0.3881129249930382,High Priority,0.38811292
1971,2020-05-10,0,basic,9.5,0,0,0.040851295,988.0,0.3880873024463653,High Priority,0.3880873025
2881,2020-04-22,0,basic,9.5,0,0,0.04084106,989.0,0.3879900854080915,High Priority,0.38799006999999996
6935,2020-04-21,0,basic,10.0,0,0,0.038796406,1068.0,0.3879640623927116,High Priority,0.38796406
12250,2020-05-06,0,basic,10.0,0,0,0.038722865,1072.0,0.3872286528348923,High Priority,0.38722865
11937,2020-04-23,0,basic,10.0,0,0,0.038714197,1074.0,0.387141965329647,High Priority,0.38714197
10045,2020-05-04,0,basic,10.0,0,0,0.03868559,1079.0,0.3868559002876282,High Priority,0.3868559
7591,2020-05-03,0,basic,9.0,0,0,0.0429747,906.0,0.3867722935974598,High Priority,0.38677229999999996
7185,2020-04-29,0,basic,9.5,0,0,0.040707137,995.0,0.3867178056389093,High Priority,0.38671780149999996
2210,2020-05-02,0,basic,10.0,0,0,0.038530078,1085.0,0.3853007778525352,High Priority,0.38530078
11957,2020-04-23,0,basic,10.0,0,0,0.038329337,1089.0,0.383293367922306,High Priority,0.38329336999999997
1331,2020-05-06,0,basic,10.0,0,0,0.03827809,1091.0,0.3827809169888496,High Priority,0.3827809
4592,2020-04-21,0,basic,9.0,0,0,0.042447686,928.0,0.3820291757583618,High Priority,0.38202917399999997
380,2020-05-06,0,basic,9.5,0,0,0.04014787,1010.0,0.381404772400856,High Priority,0.38140476500000003
11345,2020-04-24,0,basic,10.0,0,0,0.038122334,1096.0,0.3812233358621597,High Priority,0.38122334
7194,2020-05-06,0,basic,9.0,0,0,0.04235478,935.0,0.3811930306255817,High Priority,0.38119302
10495,2020-04-18,0,basic,9.0,0,0,0.04229221,937.0,0.380629900842905,High Priority,0.38062988999999997
8424,2020-04-11,0,basic,10.0,0,0,0.038034018,1099.0,0.3803401812911033,High Priority,0.38034018
9822,2020-04-21,0,basic,10.0,0,0,0.0379105,1106.0,0.3791049867868423,High Priority,0.379105
7581,2020-04-13,0,basic,9.5,0,0,0.039891694,1023.0,0.3789710905402899,High Priority,0.378971093
2133,2020-04-28,0,basic,10.0,0,0,0.037824534,1110.0,0.3782453387975693,High Priority,0.37824534
111,2020-04-18,0,basic,10.0,0,0,0.037774645,1112.0,0.3777464479207992,High Priority,0.37774645
8083,2020-04-18,0,basic,9.5,0,0,0.03975918,1030.0,0.3777122236788273,High Priority,0.37771221
6424,2020-04-13,0,basic,10.0,0,0,0.0377236,1116.0,0.377236008644104,High Priority,0.377236
6441,2020-04-14,0,basic,10.0,0,0,0.0376952,1118.0,0.3769519925117492,High Priority,0.37695199999999995
490,2020-04-19,0,basic,9.0,0,0,0.041833904,952.0,0.3765051327645778,High Priority,0.37650513599999996
11922,2020-05-08,0,basic,10.0,0,0,0.03762968,1119.0,0.3762967884540558,High Priority,0.3762968
11347,2020-04-17,0,basic,10.0,0,0,0.03761718,1120.0,0.3761718049645424,High Priority,0.3761718
12395,2020-04-27,0,basic,9.0,0,0,0.04175676,954.0,0.3758108429610729,High Priority,0.37581084
2845,2020-04-18,0,basic,10.0,0,0,0.037546337,1123.0,0.3754633665084839,High Priority,0.37546336999999996
9033,2020-04-19,0,basic,10.0,0,0,0.037492674,1130.0,0.3749267384409904,High Priority,0.37492674
9583,2020-04-20,0,basic,9.5,0,0,0.039383255,1041.0,0.3741409219801426,High Priority,0.3741409225
6993,2020-05-07,0,basic,9.0,0,0,0.041568365,962.0,0.3741152845323086,High Priority,0.374115285
6850,2020-04-13,0,basic,10.0,0,0,0.037372276,1138.0,0.3737227618694305,High Priority,0.37372276000000004
5171,2020-04-12,0,basic,9.5,0,0,0.039323263,1046.0,0.3735709972679615,High Priority,0.3735709985
11236,2020-05-08,0,basic,10.0,0,0,0.03732234,1140.0,0.3732233867049217,High Priority,0.37322340000000004
6603,2020-04-18,0,basic,10.0,0,0,0.037321508,1141.0,0.3732150793075561,High Priority,0.37321508000000003
10956,2020-04-19,0,basic,10.0,0,1,0.03731963,1142.0,0.3731963038444519,High Priority,0.3731963
7064,2020-04-30,0,basic,9.5,0,0,0.039223265,1053.0,0.3726210165768862,High Priority,0.3726210175
720,2020-04-12,0,basic,10.0,0,0,0.03707049,1152.0,0.3707049041986465,High Priority,0.3707049
6862,2020-05-03,0,basic,9.5,0,0,0.0389913,1060.0,0.3704173360019922,High Priority,0.37041735
9884,2020-04-17,0,basic,9.5,0,0,0.038950823,1064.0,0.3700328208506107,High Priority,0.3700328185
3021,2020-04-26,0,basic,10.0,0,0,0.0369813,1154.0,0.3698129951953888,High Priority,0.369813
11085,2020-04-11,0,basic,9.5,0,0,0.03875152,1069.0,0.3681394420564174,High Priority,0.36813944
5470,2020-04-22,0,basic,9.5,0,0,0.03873964,1070.0,0.3680265825241804,High Priority,0.36802658
7682,2020-04-17,0,basic,9.5,0,0,0.038708925,1076.0,0.3677347898483276,High Priority,0.3677347875
4011,2020-04-12,0,basic,10.0,0,0,0.036763225,1163.0,0.3676322475075722,High Priority,0.36763225
4061,2020-04-15,0,basic,9.5,0,0,0.03869008,1077.0,0.3675557505339384,High Priority,0.36755576
7172,2020-04-16,0,basic,9.5,0,0,0.038687684,1078.0,0.3675329945981502,High Priority,0.367532998
2935,2020-04-13,0,basic,10.0,0,0,0.036670975,1165.0,0.366709753870964,High Priority,0.36670975
4864,2020-04-28,0,basic,9.5,0,0,0.038544875,1082.0,0.3661763090640306,High Priority,0.3661763125
8890,2020-04-14,0,basic,9.0,0,0,0.040148597,1009.0,0.3613373748958111,High Priority,0.361337373
10273,2020-05-01,0,basic,9.5,0,0,0.037970383,1105.0,0.3607186358422041,High Priority,0.3607186385
11598,2020-05-09,0,basic,9.0,0,0,0.04000667,1017.0,0.3600600399076938,High Priority,0.36006003000000003
9873,2020-05-02,0,basic,9.5,0,0,0.037792347,1111.0,0.359027300029993,High Priority,0.3590272965
12794,2020-05-06,0,basic,9.0,0,0,0.03988102,1024.0,0.3589291870594024,High Priority,0.35892918
8187,2020-05-04,0,basic,9.5,0,1,0.037747536,1113.0,0.3586015906184912,High Priority,0.35860159199999997
6175,2020-05-03,0,basic,9.5,0,0,0.037523296,1126.0,0.3564713094383478,High Priority,0.356471312
6671,2020-04-26,0,basic,9.5,0,0,0.03751232,1127.0,0.3563670497387647,High Priority,0.35636704
265,2020-05-03,0,basic,9.5,0,0,0.037434813,1133.0,0.3556307200342417,High Priority,0.35563072349999997
771,2020-05-06,0,basic,9.5,0,0,0.037398454,1136.0,0.3552853111177683,High Priority,0.355285313
3863,2020-05-04,0,basic,9.5,0,0,0.037379507,1137.0,0.3551053162664175,High Priority,0.3551053165
1364,2020-05-08,0,basic,9.5,0,0,0.037254836,1145.0,0.3539209458976984,High Priority,0.353920942
3171,2020-04-14,1,basic,9.5,0,0,0.037249833,1146.0,0.3538734167814255,High Priority,0.3538734135
5963,2020-04-20,0,basic,9.5,0,0,0.03724032,1148.0,0.3537830300629139,High Priority,0.35378304
2496,2020-04-12,0,basic,9.0,0,1,0.03921843,1054.0,0.3529658652842045,High Priority,0.35296587
2181,2020-04-21,0,basic,9.5,0,0,0.03706181,1153.0,0.3520871996879577,High Priority,0.352087195
7871,2020-04-17,0,basic,9.5,0,0,0.036949836,1157.0,0.3510234393179416,High Priority,0.351023442
5663,2020-04-12,0,basic,9.5,0,0,0.036895484,1159.0,0.3505070954561233,High Priority,0.350507098
6394,2020-04-30,0,basic,9.0,0,0,0.038712375,1075.0,0.3484113737940788,High Priority,0.348411375
12795,2020-05-02,0,basic,9.0,0,0,0.03868502,1080.0,0.3481651805341244,High Priority,0.34816518
9692,2020-04-26,0,basic,9.0,0,0,0.038519826,1086.0,0.3466784320771694,High Priority,0.346678434
10494,2020-04-12,0,basic,9.0,0,0,0.03802823,1102.0,0.3422540612518787,High Priority,0.34225407
2495,2020-04-23,0,basic,9.0,0,0,0.036918923,1158.0,0.3322703093290329,High Priority,0.332270307
8492,2020-05-05,0,basic,9.0,0,0,0.036864046,1160.0,0.3317764140665531,High Priority,0.33177641399999996
4591,2020-05-04,0,basic,9.0,0,0,0.036673915,1164.0,0.330065231770277,High Priority,0.330065235
